,Compound,Date,Negative Score,Neutral Score,Positive Score,Text,Tweets Ago,Username
0,0.7227,Sat Oct 06 21:04:05 +0000 2018,0.0,0.79,0.21,"Franklin and his gang are now the main dealers in the area but success brings new problems...

#Snowfall | 10:50pm‚Ä¶ https://t.co/ZBmiDiGpWy",1,@BBC
1,-0.1027,Sat Oct 06 19:31:09 +0000 2018,0.202,0.649,0.149,"A poetic account of the Troubles in Northern Ireland, told through the stories of people who lost loved ones during‚Ä¶ https://t.co/ZMdNqwA6QJ",2,@BBC
2,0.0,Sat Oct 06 18:06:06 +0000 2018,0.0,1.0,0.0,Most polite stag do ever üòÇ https://t.co/Vdz6abFUA5,3,@BBC
3,0.0,Sat Oct 06 17:07:02 +0000 2018,0.0,1.0,0.0,A horse walks into a bar... https://t.co/0e9rcMyq26,4,@BBC
4,0.4939,Sat Oct 06 16:05:06 +0000 2018,0.0,0.819,0.181,"Hundreds of sculptures lie at the bottom of the sea in Cancun, where they play an important role in conservation. https://t.co/elKcb1ArXb",5,@BBC
5,-0.5574,Sat Oct 06 15:54:44 +0000 2018,0.265,0.735,0.0,RT @BBCNewsEnts: Opera singer Montserrat Caball√© has died at 85 https://t.co/XjCDKCe3Wo,6,@BBC
6,0.0,Sat Oct 06 15:32:00 +0000 2018,0.0,1.0,0.0,"These caves in rural Italy have been transformed into hotel rooms. üòçüáÆüáπ

#Mediterranean with @Simon_Reeve starts on‚Ä¶ https://t.co/odrZvluN8x",7,@BBC
7,-0.4189,Sat Oct 06 15:11:07 +0000 2018,0.238,0.655,0.108,"Please can everyone stop drinking their own urine?
It‚Äôs really not very good for you.
üëâ https://t.co/gJwPTW9aiI https://t.co/E8aW02uYqp",8,@BBC
8,0.0,Sat Oct 06 14:06:03 +0000 2018,0.0,1.0,0.0,"Going, going, gone!

A Banksy artwork shredded itself after it was sold for more than ¬£1m at Sotheby's in London.‚Ä¶ https://t.co/Qm7OwhiXT5",9,@BBC
9,-0.4939,Sat Oct 06 13:10:02 +0000 2018,0.225,0.775,0.0,‚ù§Ô∏è George Shelley opens up about grief and how to cope. https://t.co/4SajjiJI6e,10,@BBC
10,-0.4588,Sat Oct 06 12:08:01 +0000 2018,0.231,0.769,0.0,Footage shows hundreds of tents abandoned by people after #LeedsFestival‚Ä¶ https://t.co/VPTNlAVId4,11,@BBC
11,0.5095,Sat Oct 06 11:07:05 +0000 2018,0.127,0.586,0.288,"üéì Losing friends, moving home and being broke... what's life after university really like?
üëâ https://t.co/5sabryzvbw https://t.co/9x23y45XtO",12,@BBC
12,-0.128,Sat Oct 06 10:03:00 +0000 2018,0.154,0.711,0.134,"‚úâÔ∏è @StephenFry reads the letters of Otto von W√§chter, a senior Austrian Nazi who escaped justice after the war.

Li‚Ä¶ https://t.co/eadlYB4D0K",13,@BBC
13,-0.4767,Sat Oct 06 09:08:03 +0000 2018,0.205,0.795,0.0,"How a bike accident transformed the lives of thousands of disabled people. 
#BBCInnovators https://t.co/NKOauhKD7M",14,@BBC
14,0.4939,Sat Oct 06 08:07:02 +0000 2018,0.0,0.856,0.144,"‚úçÔ∏è Inspired by the book he famously illustrated 30 years ago, Sir Quentin Blake imagines what Roald Dahl's Matilda‚Ä¶ https://t.co/DzXk7J6M2p",15,@BBC
15,0.2732,Sat Oct 06 07:40:34 +0000 2018,0.066,0.823,0.111,"RT @BBCTheOneShow: 1.5 million people may have been affected by the tsunami in Sulawesi. 
Here‚Äôs how you can help the @decappeal https://t.‚Ä¶",16,@BBC
16,0.7003,Sat Oct 06 07:08:02 +0000 2018,0.0,0.655,0.345,"‚òïÔ∏èüíõ This Amazing Human uses coffee to give homeless people a second chance.

https://t.co/wOc1ce2B3J",17,@BBC
17,-0.8074,Fri Oct 05 19:04:05 +0000 2018,0.356,0.644,0.0,"Follow some of the debt counsellors working for Christians Against Poverty.

The Debt Saviours | 9pm | @BBCTwo |‚Ä¶ https://t.co/t0c5uwl4jk",18,@BBC
18,0.0,Fri Oct 05 18:08:03 +0000 2018,0.0,1.0,0.0,üí™üêî Check out these miniature chicken bodybuilders. https://t.co/rfRrfZMVkM,19,@BBC
19,0.0,Fri Oct 05 17:03:08 +0000 2018,0.0,1.0,0.0,John Humphrys presents the first heat of the series as the hunt for the nation's Mastermind gets back underway.‚Ä¶ https://t.co/hQdf779Yeo,20,@BBC
20,0.0,Fri Oct 05 16:05:04 +0000 2018,0.0,1.0,0.0,FACT: Britons can only let go emotionally when a barmaid breaks some glasses... üòÇ #TheMashReport https://t.co/Hk2tqQv8WR,21,@BBC
21,0.3612,Fri Oct 05 15:32:37 +0000 2018,0.0,0.872,0.128,"RT @1Xtra: .@RayBLK_'s #LiveLounge cover of 'A Natural Woman' for #BackHistoryMonth was just incredible.  

Full video üëâüèø https://t.co/6TNL‚Ä¶",22,@BBC
22,0.7717,Fri Oct 05 14:06:12 +0000 2018,0.0,0.642,0.358,"RT @BBCWales: üòÇ Best global marketing campaign ever? 

üÜï #FestivalofFunny comedy: #TouristTrap 
‚≠êÔ∏è @MikeBubbins, @MariBarf, @SallyEPhillips‚Ä¶",23,@BBC
23,0.3612,Fri Oct 05 14:06:04 +0000 2018,0.0,0.889,0.111,"RT @BBCWales: The new tourism head honcho for Wales gets hands on as she learns all about making love...spoons. üòÜ

üÜï Comedy: #TouristTrap‚Ä¶",24,@BBC
24,0.0,Fri Oct 05 13:55:03 +0000 2018,0.0,1.0,0.0,"RT @BBCWales: üòÆWE JUST DROPPED ALL OF #TOURISTTRAP ON @BBCIPLAYER. 

‚ú®WATCH EVERY EPISODE HERE üëâ https://t.co/kOmZRWZt8D

üëçHAPPY FRIDAY! #F‚Ä¶",25,@BBC
25,-0.1027,Fri Oct 05 13:02:07 +0000 2018,0.091,0.909,0.0,"'I hid my baby from social services in case they took it away.'
üëâ https://t.co/GzIQQwypFT https://t.co/2m4sqlGogP",26,@BBC
26,0.1779,Fri Oct 05 12:33:00 +0000 2018,0.131,0.657,0.211,"Raoul the turtle had a lucky escape after getting tangled in plastic waste. üê¢

#Mediterranean with @simon_reeve sta‚Ä¶ https://t.co/naQPqpDwpy",27,@BBC
27,0.0,Fri Oct 05 12:03:07 +0000 2018,0.0,1.0,0.0,"üê¨ This woman taught a dolphin to speak English. 

üîà Sound up for this one‚Ä¶  https://t.co/wck12UVoRr",28,@BBC
28,0.8555,Fri Oct 05 11:03:05 +0000 2018,0.0,0.669,0.331,"Why does everybody love moth memes?

It's the one-sided love story that we can all relate to...
üëâ‚Ä¶ https://t.co/55Oz8ULaX3",29,@BBC
29,0.743,Fri Oct 05 10:00:25 +0000 2018,0.0,0.674,0.326,"RT @BBCTwo: We literally can't get enough of @donaldglover's amazing smile. üòÅüòÅ #Atlanta #WorldSmileDay
https://t.co/ovzKcY0pKg",30,@BBC
30,0.3818,Fri Oct 05 09:32:19 +0000 2018,0.22,0.478,0.303,"The Nobel Peace Prize has been awarded to campaigners against rape in warfare Nadia Murad and Denis Mukwege. 
üëâ‚Ä¶ https://t.co/getpPN0hD9",31,@BBC
31,0.7414,Fri Oct 05 09:27:55 +0000 2018,0.0,0.77,0.23,RT @BBC_Teach: It‚Äôs #WorldTeachersDay üë©üè´ so to celebrate we're inviting you to upload a video of yourself singing &amp; dancing along to one of‚Ä¶,32,@BBC
32,-0.6705,Fri Oct 05 09:08:05 +0000 2018,0.2,0.8,0.0,"The quest for extreme selfies killed 259 people between 2011 and 2017, a 2018 global study has revealed.
üëâ‚Ä¶ https://t.co/uojB5RWAf2",33,@BBC
33,0.5994,Fri Oct 05 08:00:11 +0000 2018,0.0,0.804,0.196,üë©üèæ‚Äçüé®üé®üñº This artist on a mission to change how black women are illustrated with her beautiful designs. https://t.co/OiKhaT5joi,34,@BBC
34,0.5719,Fri Oct 05 07:08:05 +0000 2018,0.0,0.719,0.281,"From dream job to reality: How do career dreams really work out?
üëâ https://t.co/jXwJd5MzSu https://t.co/cf8HHuYtyi",35,@BBC
35,0.0,Fri Oct 05 06:11:03 +0000 2018,0.0,1.0,0.0,"These urban corals are thriving against all odds in Miami.

#OurBluePlanet w/ @oceanx + @coralmorph https://t.co/zjeBH83ZM7",36,@BBC
36,0.0,Thu Oct 04 20:06:04 +0000 2018,0.0,1.0,0.0,"üé∂ @BTS_twt is the #KPop band taking over the world and smashing records everywhere. 

Who are they and how did they‚Ä¶ https://t.co/SSFjTKFAjU",37,@BBC
37,-0.5209,Thu Oct 04 19:01:08 +0000 2018,0.227,0.673,0.101,"Could the power of fake pills be used to treat some of our most common medical complaints? üíä

#Horizon The Placebo‚Ä¶ https://t.co/R3YMojVEYu",38,@BBC
38,0.0,Thu Oct 04 18:01:09 +0000 2018,0.0,1.0,0.0,"This is how homophobia feels in 2018. 
#NationalPoetryDay https://t.co/Dk2F3dDLPl",39,@BBC
39,-0.6124,Thu Oct 04 17:11:06 +0000 2018,0.26,0.64,0.1,"ü•ì Regularly eating foods like bacon and sausages may raise the risk of breast cancer, according to researchers.
üëâ‚Ä¶ https://t.co/drh72r7tDj",40,@BBC
40,0.4215,Thu Oct 04 16:03:07 +0000 2018,0.0,0.714,0.286,"Maya Angelou: prolific, powerful, and a polymath. 
#BlackHistoryMonth https://t.co/99z0ppyKYK",41,@BBC
41,-0.4588,Thu Oct 04 15:29:47 +0000 2018,0.242,0.67,0.088,"RT @BBCWales: Forget the lies and the myths about growing up on an estate. 

#NationalPoetryDay

https://t.co/HPKwfqx7bq",42,@BBC
42,0.0,Thu Oct 04 14:01:23 +0000 2018,0.0,1.0,0.0,"How did Shakespeare invent all those clich√©s? And how can he be stopped?! ü§î
#NationalPoetryDay  https://t.co/sCmnhZiv4G",43,@BBC
43,0.1531,Thu Oct 04 13:03:03 +0000 2018,0.0,0.849,0.151,"üå°üåç What does 1.5C mean in a warming world?
üëâ https://t.co/XzjY5M8oNl https://t.co/kMLXVnvjxm",44,@BBC
44,-0.25,Thu Oct 04 12:02:05 +0000 2018,0.357,0.429,0.214,Are you feeling lonely? https://t.co/HxqBp6oh17,45,@BBC
45,0.4404,Thu Oct 04 11:28:10 +0000 2018,0.0,0.813,0.187,"RT @BBCEarth: This #WorldAnimalDay, we‚Äôre giving you an exclusive first look at David Attenborough‚Äôs new series.

#Dynasties - Coming soon‚Ä¶",46,@BBC
46,0.0,Thu Oct 04 11:13:01 +0000 2018,0.0,1.0,0.0,"Ever heard a beatboxing starling? üîäüîä
#WorldAnimalDay https://t.co/N758EN4j3s",47,@BBC
47,0.1759,Thu Oct 04 10:45:47 +0000 2018,0.206,0.546,0.248,"The pika might just be the world's cutest thief! 
#WorldAnimalDay https://t.co/v8dSKoVYgD",48,@BBC
48,0.0,Thu Oct 04 10:26:38 +0000 2018,0.0,1.0,0.0,Could this squat be a moment that sparks change? https://t.co/GFXOeWufHl,49,@BBC
49,0.4939,Thu Oct 04 08:00:04 +0000 2018,0.0,0.775,0.225,"üê¨ A dolphin with a prosthetic tail inspired Ellie‚Äôs Paralympic journey.

#OurBluePlanet w/ @oceanx https://t.co/WtUfOh4W2Z",50,@BBC
50,-0.2263,Thu Oct 04 07:03:02 +0000 2018,0.239,0.516,0.245,"ü•ó Eating a Mediterranean diet may help prevent depression, research suggests.
üëâ https://t.co/FIpHPRQHqV https://t.co/tl4BbDsxUa",51,@BBC
51,-0.5994,Thu Oct 04 06:03:01 +0000 2018,0.231,0.769,0.0,"3 homeless people die every week in the UK.
Meanwhile in Finland...

(via @BBCThree) https://t.co/P4MYjbE4d1",52,@BBC
52,0.4939,Wed Oct 03 19:04:04 +0000 2018,0.0,0.819,0.181,"The search for Lord Sugar's next business partner begins, and this year the challenges are bigger and better than e‚Ä¶ https://t.co/El1AyC5sXs",53,@BBC
53,0.0,Wed Oct 03 17:59:01 +0000 2018,0.0,1.0,0.0,üéß‚ù§Ô∏è Dementia playlists are making such a big difference to these people.  https://t.co/ojVDVuP6to,54,@BBC
54,0.0,Wed Oct 03 17:03:42 +0000 2018,0.0,1.0,0.0,RT @BBCnireland: ‚úç @BBCApprentice is back tonight on @BBCOne so here are some tips to get you hired! - https://t.co/gc5KSIFQf1 https://t.co‚Ä¶,55,@BBC
55,0.4404,Wed Oct 03 16:55:01 +0000 2018,0.0,0.861,0.139,‚ù§Ô∏è Couples will soon be able to choose a civil partnership instead of a marriage thanks to Rebecca and Charles. https://t.co/nampxOV5ur,56,@BBC
56,0.0,Wed Oct 03 15:58:03 +0000 2018,0.0,1.0,0.0,üçú The humble origins of an incredibly versatile food ‚Äì the potted history of instant noodles. https://t.co/3RMBZ33zFY,57,@BBC
57,0.0,Wed Oct 03 13:04:03 +0000 2018,0.0,1.0,0.0,"üåô 'Leonardo da Vinci was the first recorded person to realise what a crescent moon was.'

Nine out of this world fa‚Ä¶ https://t.co/cpzfOniwxA",58,@BBC
58,0.0343,Wed Oct 03 11:57:04 +0000 2018,0.159,0.675,0.166,"That time @RyanGosling was training to be an astronaut and DEFINITELY WASN'T (was) sick. 
#TheGNShow https://t.co/mf8dnizxAV",59,@BBC
59,0.2732,Wed Oct 03 11:01:02 +0000 2018,0.0,0.89,0.11,"üï∫üéô 'Tom Daley was an Elvis impersonator - with his dad'

10 surprising things we learned from @TomDaley1994‚Äôs‚Ä¶ https://t.co/NGQAEEJWdl",60,@BBC
60,-0.5574,Wed Oct 03 08:02:04 +0000 2018,0.247,0.753,0.0,"19-year-old rapper Kitch has a stutter when he speaks - but when he performs, it usually disappears. https://t.co/tVXhIeAwEg",61,@BBC
61,0.0,Wed Oct 03 08:01:24 +0000 2018,0.0,1.0,0.0,"RT @BBCRadio2: ü•ÅDrumroll please!ü•Å

Our brand new Breakfast Show host is @ZoeTheBall! üëè

https://t.co/th597DBxQI https://t.co/dbfQgMsuHO",62,@BBC
62,-0.6124,Wed Oct 03 07:04:08 +0000 2018,0.192,0.808,0.0,"üêß A zoo has been forced to fill its new penguin exhibit with models, as a shortage of birds means it is unable to g‚Ä¶ https://t.co/BmSAy8zQJP",63,@BBC
63,0.0,Wed Oct 03 06:08:02 +0000 2018,0.0,1.0,0.0,"""Oh, I'm so sorry,"" and other things not to say to amputees. 
(via @BBCThree) https://t.co/L8eiOleNyi",64,@BBC
64,0.0,Tue Oct 02 19:02:07 +0000 2018,0.0,1.0,0.0,"Discover the extraordinary story of how a small Scottish bank grew to briefly become the biggest in the world, befo‚Ä¶ https://t.co/OQpgOJ7edi",65,@BBC
65,-0.802,Tue Oct 02 17:55:03 +0000 2018,0.427,0.573,0.0,Knife crime is up 22%. Who are the victims and what‚Äôs to blame? https://t.co/ZEAml31p9m,66,@BBC
66,0.4019,Tue Oct 02 17:06:06 +0000 2018,0.0,0.803,0.197,"The gender reveal party that sparked a massive 47,000 acre wildfire. 
üëâ https://t.co/b0Xc17AuK5 https://t.co/ROh8TOMH7K",67,@BBC
67,0.5574,Tue Oct 02 16:06:02 +0000 2018,0.0,0.816,0.184,"In 2002, Iberian Lynx were the rarest cats in the world. But then something remarkable happened... https://t.co/iEVCaSDvjN",68,@BBC
68,-0.2732,Tue Oct 02 14:06:04 +0000 2018,0.242,0.554,0.204,Two scientists who discovered how to fight cancer using the body's immune system have won the 2018 #NobelPrize for‚Ä¶ https://t.co/fIj6Ly7Z3u,69,@BBC
69,0.5994,Tue Oct 02 13:05:03 +0000 2018,0.0,0.795,0.205,"üç≤üòã A bowl of warm, hearty stew is always a welcome sight on a cold day.

From a classic beef stew to a vegetarian h‚Ä¶ https://t.co/1X1qdk14Oh",70,@BBC
70,0.0,Tue Oct 02 12:05:04 +0000 2018,0.0,1.0,0.0,"Jodie Whittaker. New Doctor...and a 'Shat Lass'.
#TheGNShow #DoctorWho https://t.co/25HwEbjAfn",71,@BBC
71,0.5719,Tue Oct 02 10:47:27 +0000 2018,0.0,0.829,0.171,"Donna Strickland has become the first woman to have won the #NobelPrize in Physics in 55 years. 
üëâ‚Ä¶ https://t.co/hGIojnR1W0",72,@BBC
72,0.0,Tue Oct 02 10:27:17 +0000 2018,0.0,1.0,0.0,"RT @BBCSport: SPOTY is back - and there are some big changes.

The BBC Sports Personality of the Year 2018 contenders will be revealed on t‚Ä¶",73,@BBC
73,0.6696,Tue Oct 02 10:16:58 +0000 2018,0.0,0.728,0.272,"‚ù§Ô∏èüíÉüèª Ballet is still the love of Joyce's life at 98-years-old! 
#WorldBalletDay https://t.co/nzr3Jy1wbS",74,@BBC
74,-0.6705,Tue Oct 02 09:22:00 +0000 2018,0.231,0.769,0.0,"Over 300,000 marine animals are killed after becoming entangled in fishing gear every year. 
#DrowningInPlastic‚Ä¶ https://t.co/WmFqGMo8Es",75,@BBC
75,0.0,Tue Oct 02 09:10:44 +0000 2018,0.0,1.0,0.0,RT @bbccomedy: ‚ÄòThere She Goes‚Äô starring @JefficaHoons and David Tennant comes to @BBCFOUR on October 16th. https://t.co/tH37Wg5TBC,76,@BBC
76,-0.7964,Tue Oct 02 08:00:09 +0000 2018,0.321,0.679,0.0,"In January 1918, the Spanish flu swept the world and killed more people than WW1. 
#TheFluThatKilled50Million https://t.co/WinYKnWfSA",77,@BBC
77,0.0,Tue Oct 02 07:05:06 +0000 2018,0.0,1.0,0.0,"üëõ Do you know where your tips go? 

A guide to how tipping works in restaurants.
üëâ https://t.co/CNU4t3iogG https://t.co/7dcsckQwcG",78,@BBC
78,-0.6486,Tue Oct 02 06:09:05 +0000 2018,0.202,0.798,0.0,"More than half of the world's killer whales could be wiped out by man-made chemicals, scientists say.  https://t.co/w1SaxVchyO",79,@BBC
79,-0.128,Mon Oct 01 19:00:01 +0000 2018,0.081,0.919,0.0,Wildlife biologist @LizBonnin visits scientists working at the cutting edge of plastics research. She works with le‚Ä¶ https://t.co/rSc4ZR9MEX,80,@BBC
80,0.0,Mon Oct 01 17:16:04 +0000 2018,0.0,1.0,0.0,"A 19-year-old university student has described his photograph of a white fallow buck sneezing as a ""one-in-a-millio‚Ä¶ https://t.co/A1q3ZEIz2z",81,@BBC
81,0.7506,Mon Oct 01 16:05:44 +0000 2018,0.0,0.738,0.262,"RT @BBCFood: ü•ï It's World Vegetarian Day and we're celebrating all things veggie. Whether you're looking for a quick lunch, a healthy trayb‚Ä¶",82,@BBC
82,0.0,Mon Oct 01 15:48:02 +0000 2018,0.0,1.0,0.0,"RT @CBeebiesHQ: Cuddle up cheek to cheek!

Sharon D. Clarke is back for tonight's #BedtimeStory üò¥üìö

The biographical tale of Ella Fitzgeral‚Ä¶",83,@BBC
83,0.0,Mon Oct 01 15:00:02 +0000 2018,0.0,1.0,0.0,These scientists have found plastic in every area of the Arctic; there are about 225 trillion particles in the whol‚Ä¶ https://t.co/UoKtCXow1b,84,@BBC
84,0.0,Mon Oct 01 14:01:07 +0000 2018,0.0,1.0,0.0,"An Astrophysicist? A World Traveller? CEO of the British Library? üî≠üìöü§∑

Illustrator Sir Quentin Blake has reimagined‚Ä¶ https://t.co/PqXhCcoHH9",85,@BBC
85,0.0,Mon Oct 01 13:04:26 +0000 2018,0.0,1.0,0.0,"RT @bbcgetinspired: 'I'm a Muslim woman, I'm visually-impaired and I'm a boxer' ü•äü•ä #GetInspired 

https://t.co/zJorjZokVM",86,@BBC
86,0.7456,Mon Oct 01 13:03:06 +0000 2018,0.0,0.689,0.311,"üé∂üåü@LadyGaga and Jodie Whittaker playing the #DoctorWho theme tune on the theremin is AMAZING. #TheGNShow

https://t.co/PEwaE9tzNH",87,@BBC
87,0.128,Mon Oct 01 12:33:03 +0000 2018,0.166,0.642,0.193,"üòÇüòÉüòê Can you spot a fake laugh? 

Take this quiz to find out. üëâ https://t.co/LAFjV5ggf7 https://t.co/sFjlLRwzQK",88,@BBC
88,-0.5574,Mon Oct 01 12:08:21 +0000 2018,0.205,0.795,0.0,"Geoffrey Hayes, who hosted long-running children's TV show, Rainbow, has died aged 76.
üëâ https://t.co/10XDMpYCiz https://t.co/vPs5odJKqy",89,@BBC
89,0.7003,Mon Oct 01 11:03:02 +0000 2018,0.0,0.655,0.345,"This Amazing Human uses coffee to give homeless people a second chance. ‚òïÔ∏èüíõ#InternationalCoffeeDay

https://t.co/wOc1ce2B3J",90,@BBC
90,0.3818,Mon Oct 01 10:03:06 +0000 2018,0.134,0.591,0.274,"Turns out it's *quite* difficult to keep a straight face while testing laughing gas...

https://t.co/nFlgKY7NuY",91,@BBC
91,-0.7351,Mon Oct 01 09:46:54 +0000 2018,0.237,0.763,0.0,RT @BBCRadio4: We conducted the world's largest survey on loneliness and discovered that 16-24 year olds are the loneliest age group. Read‚Ä¶,92,@BBC
92,0.0,Mon Oct 01 09:04:02 +0000 2018,0.0,1.0,0.0,"We cannot WAIT for the new Doctor Who series! @bbcdoctorwho #TheGNShow

https://t.co/BkxpymO5Be",93,@BBC
93,0.7845,Mon Oct 01 08:02:02 +0000 2018,0.0,0.734,0.266,"Start your Monday the right way. Watch Tom Hardy explain to a child why we should love all things equally. üíîüò≠

https://t.co/646n5wwjvL",94,@BBC
94,-0.7845,Mon Oct 01 07:32:01 +0000 2018,0.434,0.566,0.0,Persistent chemical pollution threatens the future of killer whales. üíî https://t.co/wJJIQj8WLK https://t.co/saSP4leLjt,95,@BBC
95,-0.872,Mon Oct 01 07:03:05 +0000 2018,0.398,0.602,0.0,"Last year @higeorgeshelley's sister died in an accident. 

He opens up about grief and how to cope.

https://t.co/4SajjiJI6e",96,@BBC
96,0.4753,Sun Sep 30 20:21:03 +0000 2018,0.0,0.843,0.157,"RT @BBCOne: ‚ÄúI see women out with their babies walking around like it‚Äôs nothing‚Ä¶ I just want to yell out at them, ‚ÄúYou‚Äôre amazing!‚Äù @Jenna_‚Ä¶",97,@BBC
97,0.6239,Sun Sep 30 19:39:53 +0000 2018,0.0,0.687,0.313,RT @bbcstrictly: Wow. #Strictly Movie Week looks wand-erful! üßô‚Äç‚ôÇÔ∏è‚ú® https://t.co/3Iko29h06s,98,@BBC
98,0.0,Sun Sep 30 19:03:02 +0000 2018,0.0,1.0,0.0,"A mother‚Äôs life disintegrates while the world looks on. 

#TheCry | 9pm | @BBCOne | https://t.co/hDRdVsMamq https://t.co/2SrLnoKGLi",99,@BBC
99,0.0,Sun Sep 30 17:16:03 +0000 2018,0.0,1.0,0.0,Tonight it's the first @BBCStrictly results show! Find out which couples have made it through and which two will be‚Ä¶ https://t.co/vytPpS8tTl,100,@BBC
100,0.0772,Sat Oct 06 21:33:36 +0000 2018,0.0,0.936,0.064,"RT @CBSAllAccess: Take a first look at Spock, Number One, and Section 31‚Äôs newest recruit. #StarTrekDiscovery returns January 17, 2019. htt‚Ä¶",1,@CBS
101,0.5423,Fri Oct 05 23:30:00 +0000 2018,0.0,0.8,0.2,"Viewers in Atlanta, Charlotte, Pittsburgh, and most of Michigan and Wisconsin, please take note of the DVR alert be‚Ä¶ https://t.co/fradnBOvdk",2,@CBS
102,-0.3612,Fri Oct 05 20:10:09 +0000 2018,0.179,0.821,0.0,"RT @MadamSecretary: Worlds collide when former Secretaries of State @HillaryClinton, @madeleine, and Colin Powell stop by #MadamSecretary f‚Ä¶",3,@CBS
103,0.0,Fri Oct 05 19:23:53 +0000 2018,0.0,1.0,0.0,".@TheNeighborhood's @BethBehrs and @latelateshow may have come up with a new hit show called ""Naked Rabbi.""‚Ä¶ https://t.co/KLsSlzgC0f",4,@CBS
104,-0.6808,Fri Oct 05 17:42:12 +0000 2018,0.189,0.811,0.0,"RT @FBICBS: When a killer's victim survives to tell the tale, it's up to the team to catch him before he kills again. 

The first SEVEN MIN‚Ä¶",5,@CBS
105,0.3612,Fri Oct 05 16:45:23 +0000 2018,0.0,0.828,0.172,But you know the CBS Fall TV that makes YOU smile. #WorldSmileDay https://t.co/JVOh5TlK0D,6,@CBS
106,0.4767,Fri Oct 05 16:45:22 +0000 2018,0.0,0.721,0.279,Not everyone smiles at the same shows #WorldSmileDay https://t.co/XFwNIFleXf,7,@CBS
107,0.3612,Fri Oct 05 16:45:22 +0000 2018,0.0,0.8,0.2,"And smile at shows that, you know, get you. #WorldSmileDay https://t.co/9JpmKkB7Ky",8,@CBS
108,0.6124,Fri Oct 05 16:45:21 +0000 2018,0.0,0.667,0.333,Smile at shows you‚Äôve been meaning to smile at before #WorldSmileDay https://t.co/MWrtrX62BP,9,@CBS
109,0.7003,Fri Oct 05 16:45:21 +0000 2018,0.0,0.58,0.42,Get right back into smiling with your favorites #WorldSmileDay https://t.co/BohCiTymMO,10,@CBS
110,0.3612,Fri Oct 05 16:45:19 +0000 2018,0.0,0.737,0.263,Time to smile at new shows #WorldSmileDay https://t.co/n45SpVXuOq,11,@CBS
111,0.4199,Fri Oct 05 16:45:19 +0000 2018,0.0,0.715,0.285,Smile! CBS Fall TV is here. #WorldSmileDay https://t.co/QhmtAmJL0X,12,@CBS
112,0.0,Thu Oct 04 17:17:46 +0000 2018,0.0,1.0,0.0,"The Big Bang Theory.
Young Sheldon, Mom, Murphy Brown.
S.W.A.T. Watch them tonight.

#NationalPoetryDay",13,@CBS
113,-0.3875,Thu Oct 04 00:34:37 +0000 2018,0.226,0.774,0.0,@shygirlsue @Ranker And we couldn't be prouder of you.üòä https://t.co/Rt9bRkv32J,14,@CBS
114,0.0,Wed Oct 03 23:45:21 +0000 2018,0.0,1.0,0.0,@suferah_khan https://t.co/hkLN6VK6WI,15,@CBS
115,0.7906,Wed Oct 03 23:39:03 +0000 2018,0.0,0.682,0.318,.@Ranker is ranking the best CBS shows of all time. Did your favorites make the list? https://t.co/D3ZrfZK0Q9,16,@CBS
116,0.4939,Wed Oct 03 19:35:31 +0000 2018,0.0,0.849,0.151,".@CrimMinds_CBS returns tonight for its 300th episode. In honor of the milestone season premiere, the cast has a me‚Ä¶ https://t.co/o9aKkBKKtw",17,@CBS
117,0.6956,Wed Oct 03 17:05:20 +0000 2018,0.0,0.69,0.31,".@wayansjr debuted his perfect impression of his father on @colbertlateshow but everybody, be cool, and don't tell‚Ä¶ https://t.co/MWa9UNOORj",18,@CBS
118,0.8858,Tue Oct 02 21:25:29 +0000 2018,0.0,0.646,0.354,RT @CBSAllAccess: It's a great day to be a fan of #TheTwilightZone! We're celebrating the 59th anniversary of the classic series AND the of‚Ä¶,19,@CBS
119,0.0,Tue Oct 02 18:36:26 +0000 2018,0.0,1.0,0.0,"‚ö°Ô∏è ‚ÄúHappy Together Premieres on CBS‚Äù

https://t.co/W7IvELcMcw",20,@CBS
120,-0.4449,Tue Oct 02 17:52:53 +0000 2018,0.164,0.836,0.0,"@miamicah We don't know for sure about that, but we are sure that you should be some sort of TV detective. üôÇ https://t.co/uW5aSn7jlO",21,@CBS
121,0.0,Tue Oct 02 16:49:34 +0000 2018,0.0,1.0,0.0,"‚ö°Ô∏è ‚ÄúThe Neighborhood Premieres on CBS‚Äù

https://t.co/R72l342BFE",22,@CBS
122,0.3182,Tue Oct 02 02:42:23 +0000 2018,0.0,0.881,0.119,"RT @startrekcbs: Discover the next adventure of #StarTrekDiscovery January 2019, and catch #Starfleet at @NY_Comic_Con THIS Saturday. https‚Ä¶",23,@CBS
123,0.765,Tue Oct 02 01:10:54 +0000 2018,0.0,0.708,0.292,The stars of @TheNeighborhood and @happytogether celebrated their shows' premieres on CBS tonight with a good old f‚Ä¶ https://t.co/fu9SJzv7hZ,24,@CBS
124,0.0,Tue Oct 02 00:01:07 +0000 2018,0.0,1.0,0.0,"RT @TheNeighborhood: It's almost time! Our live Q&amp;A with the casts of #TheNeighborhood &amp; #HappyTogether is starting at 8pm ET/ 5pm PT. 

Se‚Ä¶",25,@CBS
125,0.0,Mon Oct 01 21:56:03 +0000 2018,0.0,1.0,0.0,Head over to the CBS Facebook page now for the #FacebookLive with @happytogether‚Äôs @wayansjr and @TheNeighborhood‚Äôs‚Ä¶ https://t.co/37QOrVA1sh,26,@CBS
126,0.296,Mon Oct 01 16:33:11 +0000 2018,0.0,0.864,0.136,Join @happytogether's @wayansjr and @TheNeighborhood's @iamgreenfield for a Facebook Live TODAY at 5:45p ET/2:45 PT‚Ä¶ https://t.co/klrx7cA41H,27,@CBS
127,-0.2263,Sun Sep 30 23:51:26 +0000 2018,0.091,0.909,0.0,"Due to #NFL football game overrun, #CBS Sunday lineup is delayed in East/Central time zones ONLY. New start times:‚Ä¶ https://t.co/zmEn7CVlUi",28,@CBS
128,0.6124,Sun Sep 30 17:00:00 +0000 2018,0.0,0.81,0.19,The cast of @GodFriendedMe answers some heavenly questions about social media before the show premieres tonight aft‚Ä¶ https://t.co/61Tx2GTn35,29,@CBS
129,0.0,Sun Sep 30 14:34:18 +0000 2018,0.0,1.0,0.0,RT @CBSAllAccess: Stream NFL on CBS LIVE today starting at 1pm ET on CBS All Access! üèà https://t.co/vsod8jYeZl https://t.co/UBp3R4UCAd,30,@CBS
130,0.0,Fri Sep 28 22:22:01 +0000 2018,0.0,1.0,0.0,"On @colbertlateshow, @TheNeighborhood's @CedEntertainer and Stephen recall the first time they met on a night when‚Ä¶ https://t.co/vjz1zVg4sR",31,@CBS
131,0.0,Fri Sep 28 20:16:14 +0000 2018,0.0,1.0,0.0,".@happytogether's @wayansjr, @HereIsGina &amp; @latelateshow discuss the pros and cons of living with a pop star. Con:‚Ä¶ https://t.co/PLXFxfheW7",32,@CBS
132,0.0,Fri Sep 28 17:52:41 +0000 2018,0.0,1.0,0.0,"If you haven't seen @SEALTeamCBS, make it your mission to know them before the #SEALTeam Season 2 premiere October‚Ä¶ https://t.co/NhCPI3lZSV",33,@CBS
133,0.0,Fri Sep 28 16:51:50 +0000 2018,0.0,1.0,0.0,"‚ö°Ô∏è ‚ÄúMurphy Brown Returns to CBS‚Äù

https://t.co/3vsAg7WcB1",34,@CBS
134,0.0,Thu Sep 27 20:19:18 +0000 2018,0.0,1.0,0.0,.@TheNeighborhood's @iamgreenfield revealing his Fiddler on the Roof goals on @latelateshow will be the earworm you‚Ä¶ https://t.co/swbh8HPwA1,35,@CBS
135,0.0,Thu Sep 27 20:01:53 +0000 2018,0.0,1.0,0.0,RT @MurphyBrownCBS: A moment 20 years in the making all comes down to this. #MurphyBrown returns to @CBS tonight! https://t.co/tWSMFM3YbG,36,@CBS
136,0.0,Thu Sep 27 17:19:16 +0000 2018,0.0,1.0,0.0,"Candice Bergen tells @colbertlateshow the presidential way tonight's @MurphyBrownCBS premiere imitates life, albeit‚Ä¶ https://t.co/4Kbk8gt6nS",37,@CBS
137,-0.34,Thu Sep 27 16:58:08 +0000 2018,0.283,0.526,0.191,@marlagardner222 @jay_hernandez Good idea. The theme song is a dead giveaway. üòâ,38,@CBS
138,0.0,Thu Sep 27 00:44:13 +0000 2018,0.0,1.0,0.0,@queenmama7777 @CBSAllAccess We believe in you! https://t.co/ZK0xaPRxVr,39,@CBS
139,0.0,Thu Sep 27 00:42:15 +0000 2018,0.0,1.0,0.0,@BSkyjackcity @jokersupdates @CBSAllAccess On it. https://t.co/yxKX9ry7fw,40,@CBS
140,0.1139,Wed Sep 26 21:49:27 +0000 2018,0.0,0.929,0.071,Sixteen houseguests entered and now it's down to the Final 3. Don't miss a second of the 90-minute #BB20Finale toni‚Ä¶ https://t.co/KwDHR9Hfqu,41,@CBS
141,0.6249,Wed Sep 26 19:57:54 +0000 2018,0.0,0.779,0.221,"The tribe has spoken, and they do a pretty decent @JeffProbst impression just in time for the @survivorcbs Season P‚Ä¶ https://t.co/2Ps8VKblay",42,@CBS
142,0.0,Wed Sep 26 17:25:43 +0000 2018,0.0,1.0,0.0,"‚ö°Ô∏è ‚ÄúFBI Premieres on CBS‚Äù

https://t.co/faL6iHZc5g",43,@CBS
143,-0.2714,Tue Sep 25 21:10:56 +0000 2018,0.149,0.745,0.106,"RT @CBSAllAccess: A night of crime dramas?! Oh yes. üôå Stream @NCIS_CBS, @FBICBS &amp; @NCISNewOrleans starting at 8/7c on CBS All Access: https‚Ä¶",44,@CBS
144,-0.2263,Tue Sep 25 20:31:45 +0000 2018,0.091,0.909,0.0,"Before @FBICBS premieres tonight, @mperegrym stopped by @CBSThisMorning to talk about her role as an FBI agent in t‚Ä¶ https://t.co/CPVki4Hv8y",45,@CBS
145,0.0,Tue Sep 25 19:54:26 +0000 2018,0.0,1.0,0.0,RT @CBSAllAccess: üö® @PatrickBrammall. Tim Meadows. @jessicaalba. @iamgreenfield. @AHWAmySedaris. @ChrisGethard. @JoeManganiello. AND SO MAN‚Ä¶,46,@CBS
146,0.7901,Tue Sep 25 19:45:33 +0000 2018,0.0,0.709,0.291,RT @bigbangtheory: Happy #NationalComicBookDay from Sheldon and his many shirts! How are you sporting your favorite superhero today? #BigBa‚Ä¶,47,@CBS
147,0.0,Tue Sep 25 18:34:26 +0000 2018,0.0,1.0,0.0,"‚ö°Ô∏è ‚ÄúMagnum P.I. Premieres on CBS‚Äù

https://t.co/UtbQlcDG8S",48,@CBS
148,0.0,Tue Sep 25 18:05:31 +0000 2018,0.0,1.0,0.0,".@jay_hernandez went on @latelateshow to talk about @MagnumPICBS, but he may have gotten @TiffanyHaddish as a surf‚Ä¶ https://t.co/a3acRu10aw",49,@CBS
149,0.0,Mon Sep 24 18:56:15 +0000 2018,0.0,1.0,0.0,"RT @60Minutes: 60 Minutes turns 50 today. Tick, tick, tick ... https://t.co/3CVKEs9J7F",50,@CBS
150,-0.2263,Sun Sep 23 23:24:03 +0000 2018,0.087,0.913,0.0,"Due to #NFL football game overrun, #CBS Sunday lineup is delayed in ATL, Indy, NOLA, Kansas City, NYC, Philly, Prov‚Ä¶ https://t.co/fejqoxtvSY",51,@CBS
151,0.0,Sun Sep 23 14:00:00 +0000 2018,0.0,1.0,0.0,Kick off your Sunday with @NFL on CBS. Catch your local games live on CBS and @CBSAllAccess. üèàüì∫‚Ä¶ https://t.co/kbo7N27mY9,52,@CBS
152,0.296,Fri Sep 21 19:18:00 +0000 2018,0.098,0.758,0.144,"How does $100,000 sound? Because someone is going to win all that tonight on the @TKOCBS Battle Royale finale at 9p‚Ä¶ https://t.co/JEuUZ2QlQh",53,@CBS
153,-0.1531,Fri Sep 21 17:46:26 +0000 2018,0.187,0.672,0.142,@colbertlateshow @IainLoveTheatre @IainLoveTheatre made a compelling argument. We'll get back to you. üòâ,54,@CBS
154,0.296,Thu Sep 20 23:17:19 +0000 2018,0.0,0.891,0.109,"Now that @bigbangtheory is entering its last season, Kaley Cuoco admits to @latelateshow she's over the show's noto‚Ä¶ https://t.co/xvhlMWBhSX",55,@CBS
155,0.6467,Thu Sep 20 21:38:21 +0000 2018,0.0,0.843,0.157,RT @HawaiiFive0CBS: It‚Äôs the big Five-0! üéâ üåä #H50 premiered on this day in 1968! Celebrate 50 years of Hawaii Five-0 with every season of b‚Ä¶,56,@CBS
156,0.0,Thu Sep 20 16:47:26 +0000 2018,0.0,1.0,0.0,RT @JordanPeele: üì∫üåÄ https://t.co/CygbVi4JFC,57,@CBS
157,-0.0531,Wed Sep 19 19:07:37 +0000 2018,0.236,0.588,0.176,The @latelateshow and @JKCorden will never be good enough for @henrygolding's crazy rich mom.‚Ä¶ https://t.co/xVmH5Iyfvs,58,@CBS
158,0.6486,Tue Sep 18 17:04:20 +0000 2018,0.0,0.791,0.209,RT @CBSThisMorning: Imagine receiving a digital friend request from someone claiming to be God. What would you do? The new @CBS drama @GodF‚Ä¶,59,@CBS
159,0.9642,Mon Sep 17 22:01:52 +0000 2018,0.0,0.473,0.527,"RT @PriceIsRight: We're thrilled to be back with all new, fun, and exciting shows!!  We hope to give you another award winning season! HERE‚Ä¶",60,@CBS
160,0.0,Mon Sep 17 21:41:20 +0000 2018,0.0,1.0,0.0,RT @SalvationCBS: X marks the spot on the heart-stopping season finale of #SalvationCBS tonight at 9/8c on CBS &amp; CBS All Access: https://t.‚Ä¶,61,@CBS
161,0.3612,Mon Sep 17 19:18:37 +0000 2018,0.0,0.737,0.263,Waiting for tonight's @Elementary_CBS season finale like https://t.co/Ou8342vGT9,62,@CBS
162,-0.2263,Sun Sep 16 23:48:59 +0000 2018,0.091,0.909,0.0,"Due to an NFL overrun, the CBS Sunday lineup is delayed in the East/Central cities ONLY. New start times:‚Ä¶ https://t.co/IypoJ0l16P",63,@CBS
163,0.0,Sun Sep 16 14:33:46 +0000 2018,0.0,1.0,0.0,RT @CBSAllAccess: Sundays were made for NFL on CBS. üèàüíØ Stream NFL on CBS All Access live today: https://t.co/vsod8jGE7N https://t.co/co2528‚Ä¶,64,@CBS
164,-0.4322,Sat Sep 15 16:00:01 +0000 2018,0.159,0.771,0.07,"What happens when a PTA mom steals nearly $100,000 from her daughter's school? Don't miss the #PinkCollarCrimes sea‚Ä¶ https://t.co/Gjiy0pByaE",65,@CBS
165,-0.2481,Fri Sep 14 18:22:59 +0000 2018,0.248,0.571,0.181,"RT @CBSAllAccess: No internet, no problem. You can now download and play your favorite shows on CBS All Access! üôå Learn how: https://t.co/y‚Ä¶",66,@CBS
166,0.0,Thu Sep 13 20:52:06 +0000 2018,0.0,1.0,0.0,@PlaggemeyLee Mac's putting something together. üòâ https://t.co/6ww5HlV6Bx,67,@CBS
167,0.0,Thu Sep 13 20:28:06 +0000 2018,0.0,1.0,0.0,This just in... https://t.co/QG3OYF6Rfv,68,@CBS
168,0.4753,Thu Sep 13 18:06:49 +0000 2018,0.083,0.699,0.218,RT @CBSAllAccess: Get excited! Stream original #MurphyBrown episodes for a limited time on CBS All Access before the @MurphyBrownCBS reviva‚Ä¶,69,@CBS
169,0.0,Mon Sep 10 17:06:16 +0000 2018,0.0,1.0,0.0,"This just in! The 54th #ACMawards will air LIVE from Las Vegas on Sunday, April 7, 2019 at 8/7c on CBS and‚Ä¶ https://t.co/Q9e7qxe26l",70,@CBS
170,-0.2263,Sun Sep 09 23:36:09 +0000 2018,0.083,0.917,0.0,"Due to an NFL overrun, CBS is delayed 17 mins in the following markets: Kansas City, Miami, Tampa, NOLA, New York,‚Ä¶ https://t.co/9eXZ9mA1Xb",71,@CBS
171,0.6705,Sun Sep 09 14:00:00 +0000 2018,0.0,0.718,0.282,Are you ready for some football? üèà Stream your favorite NFL games LIVE on #CBSAllAccess today:‚Ä¶ https://t.co/eHt8guHoyv,72,@CBS
172,0.4215,Sat Sep 08 16:20:43 +0000 2018,0.0,0.851,0.149,An unforgettable night of inspiring stories and performances highlighting the 10 years of impact #StandUpToCancer c‚Ä¶ https://t.co/8bp2XNKwfH,73,@CBS
173,0.0,Sat Sep 08 00:00:00 +0000 2018,0.0,1.0,0.0,The star-studded event is about to begin! Tune in now to watch #StandUpToCancer on CBS and @cbsallaccess. https://t.co/cD8TJuQBog,74,@CBS
174,-0.5411,Fri Sep 07 23:15:09 +0000 2018,0.196,0.712,0.092,"RT @cbsallaccess: Join #TellMeAStory's @daniellemcam, @BillyMagnussen &amp; Dorian Missick by standing up to cancer! Watch @SU2C tonight at 8/7‚Ä¶",75,@CBS
175,0.0,Fri Sep 07 21:50:51 +0000 2018,0.0,1.0,0.0,Tune in to a first-of-its-kind digital live show as lead up to @SU2C‚Äôs televised event tonight! The show will featu‚Ä¶ https://t.co/hIVaLAXYmR,76,@CBS
176,-0.296,Thu Sep 06 22:10:49 +0000 2018,0.121,0.879,0.0,Hollywood legend Burt Reynolds has passed away at the age of 82. He will be missed. https://t.co/HSmcJ9X9iC,77,@CBS
177,0.4753,Thu Sep 06 19:00:01 +0000 2018,0.0,0.808,0.192,Here are @FBICBS‚Äô @JeremySisto and @EboneeReigne with a powerful message before #StandUpToCancer airs tomorrow! https://t.co/OCqh91N1OO,78,@CBS
178,0.0,Wed Sep 05 21:00:00 +0000 2018,0.0,1.0,0.0,Here's everything you need to know before tuning into #StandUpToCancer this Friday at 8/7c: https://t.co/IT9ht84TZ1 https://t.co/OK4AOxw5mP,79,@CBS
179,0.3612,Wed Sep 05 17:32:40 +0000 2018,0.0,0.889,0.111,Survivor host @JeffProbst is here to break down the theme of #Survivor: David vs. Goliath before the new season beg‚Ä¶ https://t.co/8TcA200eFQ,80,@CBS
180,0.6908,Wed Sep 05 16:48:09 +0000 2018,0.0,0.467,0.533,"Thanks, @StephenAtHome. 
P.S. Nice beard. #LSSC https://t.co/wppVtfR9cL",81,@CBS
181,0.4215,Tue Sep 04 20:34:26 +0000 2018,0.0,0.865,0.135,The biggest names in entertainment are coming together once again for #StandUpToCancer this Friday at 8/7c on @CBS‚Ä¶ https://t.co/ntuGKLYvuW,82,@CBS
182,0.6514,Sat Sep 01 15:25:34 +0000 2018,0.0,0.829,0.171,RT @cbsallaccess: Stream #17 @WestVirginiaU vs. @UTKnoxville LIVE today at 3:30PM ET on CBS All Access! Try 1 month FREE using code BINGENO‚Ä¶,83,@CBS
183,0.0,Fri Aug 31 21:26:49 +0000 2018,0.0,1.0,0.0,"In just one week, @RWitherspoon, @McConaughey, Jennifer Garner, and more will attend the #‚ÄãStandUpToCancer fundrais‚Ä¶ https://t.co/iHKGOoWejA",84,@CBS
184,0.0,Fri Aug 31 18:01:01 +0000 2018,0.0,1.0,0.0,"Believe in miracles. Watch this sneak peek of the complete premiere episode of @GodFriendedMe now, a month before i‚Ä¶ https://t.co/5AIUH5VmMk",85,@CBS
185,-0.6908,Thu Aug 30 19:45:51 +0000 2018,0.239,0.761,0.0,"RT @cbsallaccess: Money. Murder. Mystery. #OneDollar is now streaming, exclusively on CBS All Access. https://t.co/3qFdTEmVU5 https://t.co/‚Ä¶",86,@CBS
186,0.6239,Thu Aug 30 15:32:47 +0000 2018,0.0,0.83,0.17,RT @GodFriendedMe: It's a godsend! We're dropping the #GodFriendedMe pilot tomorrow right here on Twitter for you to stream a full month be‚Ä¶,87,@CBS
187,0.0,Mon Aug 27 23:36:57 +0000 2018,0.0,1.0,0.0,"It's almost time for sweater weather, pumpkin spice lattes, and CBS Fall TV premieres. Check out the storylines for‚Ä¶ https://t.co/BpgDyYl8fc",88,@CBS
188,-0.4389,Fri Aug 24 20:30:16 +0000 2018,0.121,0.879,0.0,RT @cbsallaccess: #NFL preseason coverage is here! üèà The Detroit @Lions battle the Tampa Bay @Buccaneers tonight at 8PM ET. Stream the game‚Ä¶,89,@CBS
189,0.0,Wed Aug 22 20:55:25 +0000 2018,0.0,1.0,0.0,"@bigbangtheory üé∂...happy kitty, sleepy kitty, purr purr purrüé∂ #TheBigBangTheory https://t.co/sEObppGJlZ",90,@CBS
190,0.0,Wed Aug 22 20:10:12 +0000 2018,0.0,1.0,0.0,"This is going to require multiple singings of ""Soft Kitty."" https://t.co/UdRGNeQ7Lb",91,@CBS
191,0.5423,Mon Aug 20 21:59:56 +0000 2018,0.0,0.829,0.171,Got to get more of the @PaulMcCartney #CarpoolKaraoke into your life? @latelateshow produced an hour-long bonus spe‚Ä¶ https://t.co/DjPqajo6Xn,92,@CBS
192,0.3182,Fri Aug 17 17:42:02 +0000 2018,0.0,0.887,0.113,"How much does it cost to bury the truth? 
#OneDollar premieres August 30, exclusively on CBS All Access. https://t.co/ZL5TBH9ro5",93,@CBS
193,0.0,Thu Aug 16 18:40:09 +0000 2018,0.0,1.0,0.0,Things got carried away when @ArianaGrande joined @latelateshow for #CarpoolKaraoke. So did Ariana. #ArianaCarpool https://t.co/WSZcC0TaYz,94,@CBS
194,-0.5267,Thu Aug 16 00:09:03 +0000 2018,0.188,0.72,0.092,RT @cbsallaccess: Murder mystery set in a small town? We're in. Rediscover the genius of original #TwinPeaks co-creators @DAVID_LYNCH and @‚Ä¶,95,@CBS
195,0.0,Sun Aug 12 23:30:02 +0000 2018,0.0,1.0,0.0,New start times for @60Minutes 7:20ET/6:20CT @CBSBigBrother 8:20ET/7:20CT @NCISLA 9:20ET/8:20CT @Elementary_CBS 10:‚Ä¶ https://t.co/Op9VcDsREa,96,@CBS
196,0.4389,Sun Aug 12 15:04:59 +0000 2018,0.0,0.874,0.126,Clear your schedules for the 100th #PGAChamp! Stream the Final Round LIVE on @cbsallaccess at 2 PM ET across all de‚Ä¶ https://t.co/m6bH2pKTUN,97,@CBS
197,-0.3182,Sat Aug 11 18:00:00 +0000 2018,0.103,0.897,0.0,The fortune teller you‚Äôll meet this Saturday lived a life of luxury... by scamming her victims out of hundreds of t‚Ä¶ https://t.co/fJo6F2Eo5p,98,@CBS
198,0.4926,Sat Aug 11 15:00:02 +0000 2018,0.0,0.856,0.144,The 100th PGA Championship continues today! Stream it LIVE on @cbsallaccess at 2PM ET across all devices. Try 1 Wee‚Ä¶ https://t.co/jbMg06eOND,99,@CBS
199,0.8957,Fri Aug 10 22:28:55 +0000 2018,0.0,0.581,0.419,"To celebrate the 100th PGA Championship, relive some of the tournament's greatest moments with Luke Wilson. 

Don't‚Ä¶ https://t.co/wUuB93smr4",100,@CBS
200,0.4019,Sat Oct 06 22:17:24 +0000 2018,0.0,0.787,0.213,Getting to yes: How the Senate confirmed Brett Kavanaugh https://t.co/3VlJKFCgPF https://t.co/u8MLwHO9aj,1,@CNN
201,0.8439,Sat Oct 06 22:15:11 +0000 2018,0.0,0.712,0.288,"RT @CNNPolitics: President Donald Trump: ""We're very happy and the vote was a great vote, a very historic vote. I just spoke to [Brett Kava‚Ä¶",2,@CNN
202,0.5574,Sat Oct 06 22:14:40 +0000 2018,0.0,0.783,0.217,President Trump congratulates Brett Kavanaugh following his confirmation to the US Supreme Court‚Ä¶ https://t.co/k6KjvzDX2f,3,@CNN
203,-0.1027,Sat Oct 06 21:52:19 +0000 2018,0.076,0.924,0.0,"President Donald Trump warns that Sen. Lisa Murkowski ""will never recover"" for opposing Brett Kavanaugh, The Washin‚Ä¶ https://t.co/gM5VAvwK8K",4,@CNN
204,0.4019,Sat Oct 06 21:50:18 +0000 2018,0.078,0.776,0.147,"A large crowd of protesters has surged onto the front steps of the US Supreme Court, chanting, ""Kavanaugh has got t‚Ä¶ https://t.co/XtGU5FGgrh",5,@CNN
205,0.0,Sat Oct 06 21:34:54 +0000 2018,0.0,1.0,0.0,Officer who shot Tamir Rice hired by small police department in Ohio https://t.co/L2uG64rZen,6,@CNN
206,0.7269,Sat Oct 06 21:13:47 +0000 2018,0.0,0.697,0.303,"President Donald Trump praises Sen. Susan Collins for support of Brett Kavanaugh: ""Susan was incredible""‚Ä¶ https://t.co/8ood7fUb4e",7,@CNN
207,0.0,Sat Oct 06 20:47:55 +0000 2018,0.0,1.0,0.0,How senators voted on Brett Kavanaugh https://t.co/HPwub2gliD,8,@CNN
208,0.5719,Sat Oct 06 20:42:55 +0000 2018,0.0,0.824,0.176,"RT @CNNPolitics: Senate Majority Leader Mitch McConnell: ""This is a good day for America and an important day for the Senate. We stood up f‚Ä¶",9,@CNN
209,0.0,Sat Oct 06 20:37:01 +0000 2018,0.0,1.0,0.0,RT @CNNOpinion: CNN Opinion asked a diverse group of commentators to weigh in with what the Brett Kavanaugh confirmation process has taught‚Ä¶,10,@CNN
210,0.296,Sat Oct 06 20:28:40 +0000 2018,0.194,0.522,0.284,How Kavanaugh maneuvered to win his confirmation fight https://t.co/MPOnYbptmP,11,@CNN
211,0.5574,Sat Oct 06 20:12:33 +0000 2018,0.0,0.841,0.159,JUST IN: Brett Kavanaugh has been confirmed to the Supreme Court. Watch Vice President Mike Pence announce the resu‚Ä¶ https://t.co/q0XTTb3WyP,12,@CNN
212,0.5574,Sat Oct 06 20:03:58 +0000 2018,0.0,0.783,0.217,BREAKING: The Senate has voted to confirm Brett Kavanaugh to the Supreme Court https://t.co/BlrF7JWT7L,13,@CNN
213,0.0,Sat Oct 06 19:49:14 +0000 2018,0.0,1.0,0.0,"""A vote to confirm Judge Kavanaugh today is a vote to end this brief, dark chapter in the Senate's history and turn‚Ä¶ https://t.co/Ov5m5Fwi9M",14,@CNN
214,-0.4019,Sat Oct 06 19:43:32 +0000 2018,0.162,0.747,0.091,"""I understand, I share the deep anguish that millions of Americans are experiencing today. But I say to you, my fel‚Ä¶ https://t.co/vEFpsvfKQ0",15,@CNN
215,0.0,Sat Oct 06 19:33:17 +0000 2018,0.0,1.0,0.0,Turkey launches investigation into Saudi journalist's disappearance https://t.co/GxSOsrnn9I,16,@CNN
216,0.6249,Sat Oct 06 19:25:07 +0000 2018,0.0,0.814,0.186,"President Trump says he's looking forward to Brett Kavanaugh's confirmation vote and that he ""will be a great justi‚Ä¶ https://t.co/LxxokFjh53",17,@CNN
217,0.0,Sat Oct 06 19:07:24 +0000 2018,0.0,1.0,0.0,Democrats say Michael Avenatti undercut their case against Brett Kavanaugh https://t.co/BXkRDq4zvg,18,@CNN
218,0.5574,Sat Oct 06 18:43:10 +0000 2018,0.0,0.816,0.184,The Senate is expected to vote on Supreme Court nominee Brett Kavanaugh around 3:30 p.m. ET https://t.co/ovXC9SKj2G,19,@CNN
219,0.0,Sat Oct 06 18:23:46 +0000 2018,0.0,1.0,0.0,Banksy painting 'self-destructs' moments after being sold for $1.4 million at auction https://t.co/3TLhgOYng1 https://t.co/EWDzQJmh2g,20,@CNN
220,-0.3384,Sat Oct 06 17:59:41 +0000 2018,0.112,0.888,0.0,"President Trump's older sister, Judge Maryanne Trump Barry, has kept a very low profile since he ran for office. Bu‚Ä¶ https://t.co/kCYIFE2UbY",21,@CNN
221,0.0772,Sat Oct 06 17:35:39 +0000 2018,0.0,0.925,0.075,You may want to check your fridge and garage for all these things recalled this week https://t.co/pQuNVq29EJ,22,@CNN
222,0.4019,Sat Oct 06 17:31:29 +0000 2018,0.081,0.766,0.153,Protesters have gathered outside of the US Capitol to oppose the appointment of Brett Kavanaugh to the Supreme Cour‚Ä¶ https://t.co/ozkmUUtMCD,23,@CNN
223,-0.2263,Sat Oct 06 17:11:25 +0000 2018,0.147,0.853,0.0,NFL settles lawsuit with family of legendary linebacker Junior Seau https://t.co/QpeCPcwaw3 https://t.co/v6rUXsDqQP,24,@CNN
224,-0.2263,Sat Oct 06 16:45:42 +0000 2018,0.091,0.909,0.0,Protesters are gathering in Washington and other cities to oppose the appointment of Brett Kavanaugh to the US Supr‚Ä¶ https://t.co/uj7QemAHf0,25,@CNN
225,-0.0274,Sat Oct 06 16:28:55 +0000 2018,0.111,0.737,0.152,"Vitamin D supplements do not improve bone mineral density or prevent fractures or falls in adults, a large study fi‚Ä¶ https://t.co/RWwyX920BH",26,@CNN
226,0.0,Sat Oct 06 16:06:21 +0000 2018,0.0,1.0,0.0,"Christine Blasey Ford's sister-in-law on Sens. Joe Manchin and Susan Collins' remarks about Ford: ""I think they're‚Ä¶ https://t.co/pxg5HS4EUc",27,@CNN
227,0.8555,Sat Oct 06 15:50:46 +0000 2018,0.0,0.539,0.461,Brett Kavanaugh poised to win confirmation to the Supreme Court this afternoon https://t.co/QOiG2w1R17 https://t.co/vU29RznI3B,28,@CNN
228,0.0,Sat Oct 06 15:30:14 +0000 2018,0.0,1.0,0.0,"First lady Melania Trump: ""Glad"" both Brett Kavanaugh and Christine Blasey Ford were heard https://t.co/BTcWSzRquT https://t.co/nCFG6sMG06",29,@CNN
229,0.0,Sat Oct 06 15:11:44 +0000 2018,0.0,1.0,0.0,How Casper drove Mattress Firm into bankruptcy https://t.co/aLXD2SFkO0,30,@CNN
230,0.0,Sat Oct 06 15:00:47 +0000 2018,0.0,1.0,0.0,"Interpol says it has asked Chinese authorities for information about the agency's president, Meng Hongwei, who was‚Ä¶ https://t.co/ZqRHagCIsf",31,@CNN
231,0.0,Sat Oct 06 14:50:14 +0000 2018,0.0,1.0,0.0,Where women are turning toward Democrats. And where they're not. https://t.co/5pGBoJHTde https://t.co/6DsehTYTK4,32,@CNN
232,-0.4019,Sat Oct 06 14:38:57 +0000 2018,0.247,0.57,0.183,"Eating processed meats like bacon, sausages and ham could increase the risk of breast cancer, a study shows.

Regul‚Ä¶ https://t.co/75p6C7uZyv",33,@CNN
233,0.0,Sat Oct 06 14:30:04 +0000 2018,0.0,1.0,0.0,"3,000 items from the personal collection of Neil Armstrong, the first man to walk on the moon, go up for auction ne‚Ä¶ https://t.co/U3Iujoce2r",34,@CNN
234,0.5574,Sat Oct 06 14:22:16 +0000 2018,0.0,0.854,0.146,"RT @CNNPolitics: First lady Melania Trump says Brett Kavanaugh is ""highly qualified"" for the Supreme Court. Trump added that she is ""glad""‚Ä¶",35,@CNN
235,-0.3384,Sat Oct 06 14:01:08 +0000 2018,0.112,0.888,0.0,"President Trump's older sister, Judge Maryanne Trump Barry, has kept a very low profile since he ran for office. Bu‚Ä¶ https://t.co/V66r1nOsY7",36,@CNN
236,-0.0258,Sat Oct 06 13:31:00 +0000 2018,0.209,0.642,0.15,"A two-year-old boy shredded more than $1,000 his parents had saved to pay a debt https://t.co/mNZgfPOVTU https://t.co/0WXB6iqKhH",37,@CNN
237,0.5719,Sat Oct 06 13:30:09 +0000 2018,0.0,0.837,0.163,The commercial success of virtual reality may depend on being able to make real human connections on VR platforms.‚Ä¶ https://t.co/nantNaBe5f,38,@CNN
238,0.0,Sat Oct 06 13:00:06 +0000 2018,0.0,1.0,0.0,Banksy painting 'self-destructs' moments after being sold for $1.4 million at auction https://t.co/7vZCtzefGO https://t.co/rNMsnCQgfw,39,@CNN
239,0.4927,Sat Oct 06 12:31:00 +0000 2018,0.0,0.856,0.144,Are standing desks really good for you? Proponents claim that eliminating sitting from your work life can make you‚Ä¶ https://t.co/7qZ8xaAfqB,40,@CNN
240,0.4588,Sat Oct 06 12:00:20 +0000 2018,0.0,0.85,0.15,What happens when your son defies traditional gender labels? @lisaling talks about acceptance with @prince_ej and h‚Ä¶ https://t.co/la5im7JKu3,41,@CNN
241,0.4404,Sat Oct 06 11:31:00 +0000 2018,0.0,0.868,0.132,"A rock that was used as a doorstop for the past 30 years turned out to be a meteorite valued at $100,000‚Ä¶ https://t.co/BdDez94eAM",42,@CNN
242,-0.2023,Sat Oct 06 11:01:04 +0000 2018,0.114,0.886,0.0,"High-population cities have longer-lasting flu seasons, while lower-population cities have shorter but more intense‚Ä¶ https://t.co/OY9GxhD080",43,@CNN
243,0.0,Sat Oct 06 10:31:00 +0000 2018,0.0,1.0,0.0,"At 120 years old, the Star Ferry is Hong Kong's oldest form of public transportation -- and the company's green and‚Ä¶ https://t.co/DNH2kUPEhv",44,@CNN
244,0.2732,Sat Oct 06 10:01:06 +0000 2018,0.0,0.909,0.091,"Albert Einstein's famous ""God Letter"" is expected to fetch at least $1 million when it goes up for auction in Decem‚Ä¶ https://t.co/LLFIO0tJN2",45,@CNN
245,0.0,Sat Oct 06 09:31:00 +0000 2018,0.0,1.0,0.0,Germany's Bayern Munich is exploring the relationship between crowd noise and on-pitch performance. Using acoustic‚Ä¶ https://t.co/KFBfMs6PGS,46,@CNN
246,-0.4019,Sat Oct 06 09:01:02 +0000 2018,0.247,0.57,0.183,"Eating processed meats like bacon, sausages and ham could increase the risk of breast cancer, a study shows.

Regul‚Ä¶ https://t.co/lDBxOcKFZJ",47,@CNN
247,0.0,Sat Oct 06 08:31:00 +0000 2018,0.0,1.0,0.0,"Take a rare tour underneath and inside San Francisco's Golden Gate Bridge where about 200 iron workers, engineers,‚Ä¶ https://t.co/W0jB5i9vwL",48,@CNN
248,0.6705,Sat Oct 06 08:01:19 +0000 2018,0.148,0.542,0.31,This woman is being hailed as a hero after confronting another woman who was criticizing two friends for speaking S‚Ä¶ https://t.co/hbQAR3WSJL,49,@CNN
249,0.0,Sat Oct 06 07:46:03 +0000 2018,0.0,1.0,0.0,"Christine Blasey Ford's sister-in-law on Sens. Joe Manchin and Susan Collins' remarks about Ford: ""I think they're‚Ä¶ https://t.co/ddv4o3lMOy",50,@CNN
250,0.0,Sat Oct 06 07:31:00 +0000 2018,0.0,1.0,0.0,"At 106 (and 1/2), this doctor isn't slowing down https://t.co/l59QWAFkfX https://t.co/DrxCBCGDaO",51,@CNN
251,-0.128,Sat Oct 06 07:16:04 +0000 2018,0.073,0.927,0.0,"Ford is cutting staff as it transforms its business.

The second largest US automaker said it was reorganizing its‚Ä¶ https://t.co/EqyxZOhqPT",52,@CNN
252,0.0,Sat Oct 06 07:01:03 +0000 2018,0.0,1.0,0.0,Christine Blasey Ford is on the cover of this week's Time magazine. But it's not a photograph of Ford; it's an illu‚Ä¶ https://t.co/1rdp9gwXNM,53,@CNN
253,-0.2263,Sat Oct 06 06:46:03 +0000 2018,0.147,0.853,0.0,NFL settles lawsuit with family of legendary linebacker Junior Seau https://t.co/QVhlhWlxQD https://t.co/1vVTfffh9z,54,@CNN
254,0.0,Sat Oct 06 06:31:00 +0000 2018,0.0,1.0,0.0,"NYC to Boston in 36 minutes? Transcend Air has plans for a jet-fast plane that takes off and lands vertically, allo‚Ä¶ https://t.co/k27fr1VBNV",55,@CNN
255,0.4404,Sat Oct 06 06:16:02 +0000 2018,0.0,0.873,0.127,A 22-pound rock that has been propping open a door in Michigan for decades turns out to be a meteorite valued at $1‚Ä¶ https://t.co/rPFACuLwGH,56,@CNN
256,0.0,Sat Oct 06 06:01:01 +0000 2018,0.0,1.0,0.0,"Luxury tourism is on the rise in Tulum, Mexico. But the beaches there are also home to nesting sea turtles, which a‚Ä¶ https://t.co/duPw4RNMr1",57,@CNN
257,0.4215,Sat Oct 06 05:46:06 +0000 2018,0.0,0.865,0.135,The FDA has revoked the use of seven food additives after environmentalists and food safety experts presented data‚Ä¶ https://t.co/IBcJ0KwGhl,58,@CNN
258,0.5994,Sat Oct 06 05:31:00 +0000 2018,0.0,0.804,0.196,Hershey has a super secret chocolate lab where all its products get dreamed up. Go inside: https://t.co/qarEkoIhZa https://t.co/enN7FV8EPx,59,@CNN
259,-0.0258,Sat Oct 06 05:16:06 +0000 2018,0.209,0.642,0.15,"A two-year-old boy shredded more than $1,000 his parents had saved to pay a debt https://t.co/3mpdyXpZAk https://t.co/ybmPeEgs8r",60,@CNN
260,0.25,Sat Oct 06 05:01:08 +0000 2018,0.0,0.905,0.095,A man's vision changed dramatically after he took a gulp of a drug he bought online that is commonly used to treat‚Ä¶ https://t.co/kOB4cqVpSL,61,@CNN
261,-0.0274,Sat Oct 06 04:46:04 +0000 2018,0.111,0.737,0.152,"Vitamin D supplements do not improve bone mineral density or prevent fractures or falls in adults, a large study fi‚Ä¶ https://t.co/trVIqTQpfI",62,@CNN
262,0.0,Sat Oct 06 04:31:00 +0000 2018,0.0,1.0,0.0,"An 8-year-old girl drew a pre-Viking-era sword from a Swedish lake, prompting locals to name her the ""Queen of Swed‚Ä¶ https://t.co/vSd9l1qMLO",63,@CNN
263,0.8591,Sat Oct 06 04:16:08 +0000 2018,0.0,0.689,0.311,The 2018 Nobel Peace Prize has been awarded to Denis Mukwege and Nadia Murad for their efforts to end the use of se‚Ä¶ https://t.co/DE5E6ebpJN,64,@CNN
264,0.0,Sat Oct 06 04:01:05 +0000 2018,0.0,1.0,0.0,A financial disclosure from Donald Trump's sister led to The New York Times report on his taxes‚Ä¶ https://t.co/a6LcrLExvd,65,@CNN
265,0.296,Sat Oct 06 03:49:35 +0000 2018,0.223,0.522,0.255,"RT @CNNTonight: ""I'm grieving for the loss of truth and justice in our system, for the undermining of the Supreme Court process and also fo‚Ä¶",66,@CNN
266,0.5719,Sat Oct 06 03:46:02 +0000 2018,0.0,0.829,0.171,Friday night lights shine as a Georgia high school wins its first football game since teammate Dylan Thomas' death‚Ä¶ https://t.co/6Mj1tCv79A,67,@CNN
267,-0.34,Sat Oct 06 03:31:04 +0000 2018,0.13,0.87,0.0,"Authorities have been saying a vehicle somehow started California's Ferguson Fire. 

Now, the US Forest Service say‚Ä¶ https://t.co/dqkJD6Lv6J",68,@CNN
268,-0.6418,Sat Oct 06 03:22:32 +0000 2018,0.258,0.624,0.118,"RT @CNNTonight: CNN's @DonLemon: ""The fight over Supreme Court nominee Brett Kavanaugh has been so brutal that nobody's really coming out o‚Ä¶",69,@CNN
269,0.6486,Sat Oct 06 03:21:00 +0000 2018,0.0,0.73,0.27,"CNN Business went inside Amazon HQ to see how Amazon uses AI to improve customer experiences, from cashier-less sto‚Ä¶ https://t.co/WSVmJSQ8FT",70,@CNN
270,0.0,Sat Oct 06 03:12:41 +0000 2018,0.0,1.0,0.0,"Before it was used by celebrities and politicians, Twitter was nothing more than an idea sketched on Jack Dorsey's‚Ä¶ https://t.co/BtczZGnrMP",71,@CNN
271,0.8442,Sat Oct 06 03:01:02 +0000 2018,0.083,0.542,0.375,Supreme Court Justice Elena Kagan expressed concern over the court's lack of a swing vote with Justice Anthony Kenn‚Ä¶ https://t.co/y6gv8zhE6b,72,@CNN
272,-0.1406,Sat Oct 06 02:46:05 +0000 2018,0.084,0.916,0.0,"From a very young age, future K-pop idols follow a rigorous training regime, but only a few aspiring superstars mak‚Ä¶ https://t.co/Ld9DFzDfj4",73,@CNN
273,0.7906,Sat Oct 06 02:36:14 +0000 2018,0.0,0.708,0.292,"Justice Elena Kagan expresses concern as to whether the US Supreme Court will have a ""middle position"" going forwar‚Ä¶ https://t.co/qB51s9FTom",74,@CNN
274,0.6705,Sat Oct 06 02:31:18 +0000 2018,0.148,0.542,0.31,This woman is being hailed as a hero after confronting another woman who was criticizing two friends for speaking S‚Ä¶ https://t.co/YvdfBuahlS,75,@CNN
275,0.0,Sat Oct 06 02:27:48 +0000 2018,0.0,1.0,0.0,How the Democrats got outplayed on Kavanaugh | By Julian Zelizer via @CNNOpinion https://t.co/DDeb334HSc https://t.co/HkG8tUCwVP,76,@CNN
276,0.1027,Sat Oct 06 02:26:06 +0000 2018,0.098,0.787,0.114,"RT @CuomoPrimeTime: ""I always thought there was hope. That's why I was fighting. ... When I spoke with Senator Flake, I did not think that‚Ä¶",77,@CNN
277,0.4215,Sat Oct 06 02:16:19 +0000 2018,0.0,0.872,0.128,The FDA has approved the use of a human papillomavirus vaccine called Gardasil 9 for men and women between the ages‚Ä¶ https://t.co/upmevwjuJN,78,@CNN
278,0.0772,Sat Oct 06 02:15:39 +0000 2018,0.0,0.929,0.071,"RT @AC360: ""C'mon Carrie, be realistic."" 
@JeffreyToobin challenges @JCNSeverino on the goals, and potential implications, of adding Judge‚Ä¶",79,@CNN
279,0.3182,Sat Oct 06 02:07:13 +0000 2018,0.0,0.892,0.108,"Sen. Lisa Murkowski said she remains a ""no"" on Supreme Court nominee Brett Kavanaugh but will vote ""present"" for Sa‚Ä¶ https://t.co/HhvrujSjD7",80,@CNN
280,-0.3412,Sat Oct 06 01:54:03 +0000 2018,0.103,0.897,0.0,"Juror after juror said Jason Van Dyke was not a good witness. He was rehearsed, some said. He was not believable, s‚Ä¶ https://t.co/xkb34pO9St",81,@CNN
281,0.0,Sat Oct 06 01:47:41 +0000 2018,0.0,1.0,0.0,"RT @OutFrontCNN: Democratic nominee Ayanna Pressley says Brett Kavanaugh's confirmation is a ""permanent black eye"" on the Senate and believ‚Ä¶",82,@CNN
282,-0.25,Sat Oct 06 01:47:32 +0000 2018,0.091,0.909,0.0,"RT @AC360: In a sit-down interview with @DanaBashCNN, Dr. Ford's lawyers address the accusation that her testimony was designed simply to c‚Ä¶",83,@CNN
283,-0.1244,Sat Oct 06 01:23:21 +0000 2018,0.085,0.915,0.0,A lawyer representing Christine Blasey Ford says she absolutely does not want Brett Kavanaugh impeached if Democrat‚Ä¶ https://t.co/2G1jjQB6Zt,84,@CNN
284,0.0,Sat Oct 06 01:17:10 +0000 2018,0.0,1.0,0.0,"RT @cnnbrk: Sen. Steve Daines will be attending his daughter's wedding Saturday in Montana, but still may fly back to Washington to vote to‚Ä¶",85,@CNN
285,0.0,Sat Oct 06 01:08:18 +0000 2018,0.0,1.0,0.0,This Louisiana library waived its $3 late fee for an overdue book that was returned after 84 years‚Ä¶ https://t.co/98gzdAs93s,86,@CNN
286,0.743,Sat Oct 06 00:54:26 +0000 2018,0.0,0.717,0.283,Former President George W. Bush made several calls reassuring Sen. Susan Collins about Supreme Court nominee Brett‚Ä¶ https://t.co/noo3ZYN41P,87,@CNN
287,0.3182,Sat Oct 06 00:48:35 +0000 2018,0.0,0.796,0.204,'Emotional' Facebook staff meeting addresses exec who supported Kavanaugh https://t.co/wpzGO6HVIa,88,@CNN
288,0.4019,Sat Oct 06 00:46:55 +0000 2018,0.0,0.895,0.105,Sen. Joe Manchin of West Virginia is on track to be the only Senate Democrat to break ranks with his party and vote‚Ä¶ https://t.co/o6QEOIC9R2,89,@CNN
289,0.7506,Sat Oct 06 00:31:45 +0000 2018,0.0,0.758,0.242,"""I have a very high standard. I have a very high bar for any nominee to the Supreme Court of the United States."" -‚Ä¶ https://t.co/EqdCRXFSvN",90,@CNN
290,0.0,Sat Oct 06 00:26:32 +0000 2018,0.0,1.0,0.0,"RT @CNNPolitics: Murkowski: ""A judge shall act at all times, not just sometimes when you're wearing your robe. But, a judge should act at a‚Ä¶",91,@CNN
291,0.2732,Sat Oct 06 00:25:09 +0000 2018,0.103,0.739,0.158,"What's behind President Trump's drop on the Forbes annual ""400 Wealthiest"" list? CNN's Brian Todd reports‚Ä¶ https://t.co/wwfdgjGrM7",92,@CNN
292,0.4215,Sat Oct 06 00:17:01 +0000 2018,0.0,0.859,0.141,An ongoing US military research project that is exploring a new biotechnology to genetically modify mature crops ha‚Ä¶ https://t.co/7oPMq4AhAr,93,@CNN
293,0.7506,Sat Oct 06 00:08:24 +0000 2018,0.0,0.766,0.234,"RT @OutFrontCNN: ""I have a very high standard. I have a very high bar for any nominee to the Supreme Court of the United States."" - Alaska‚Ä¶",94,@CNN
294,0.7003,Sat Oct 06 00:08:08 +0000 2018,0.0,0.766,0.234,"RT @CNNPolitics: Republican Sen. Lisa Murkowski: ""I was truly leaning toward supporting Judge Kavanaugh in his nomination, as I looked to t‚Ä¶",95,@CNN
295,-0.3182,Sat Oct 06 00:05:21 +0000 2018,0.103,0.897,0.0,Senate Judiciary Chairman Chuck Grassley suggested that the lack of women on the committee was due to its heavy wor‚Ä¶ https://t.co/fTPj8ZSr5i,96,@CNN
296,0.0,Fri Oct 05 23:58:41 +0000 2018,0.0,1.0,0.0,25 headlines that sum up this week in the Trump administration | Analysis by CNN's Brenna Williams‚Ä¶ https://t.co/0Ru6aCAqVx,97,@CNN
297,0.7906,Fri Oct 05 23:57:59 +0000 2018,0.0,0.72,0.28,"RT @OutFrontCNN: Justice Elena Kagan expresses concern as to whether the Supreme Court will have a ""middle position"" going forward https://‚Ä¶",98,@CNN
298,0.0,Fri Oct 05 23:57:39 +0000 2018,0.0,1.0,0.0,"RT @OutFrontCNN: Alaska Sen. Lisa Murkowski, who is on track to be the sole Republican senator to oppose Brett Kavanaugh's nomination to th‚Ä¶",99,@CNN
299,0.0,Fri Oct 05 23:41:06 +0000 2018,0.0,1.0,0.0,Alaska Sen. Lisa Murkowski is on track to be the sole Republican senator to oppose Brett Kavanaugh's nomination to‚Ä¶ https://t.co/wmqQuuPUca,100,@CNN
300,0.0,Sat Oct 06 22:18:07 +0000 2018,0.0,1.0,0.0,"""If our nation does not work, we teach the world that democracy is not the model to follow.""

Moments after the Sen‚Ä¶ https://t.co/GfKVkldeoj",1,@FoxNews
301,0.4019,Sat Oct 06 22:09:06 +0000 2018,0.097,0.718,0.185,Anti-Kavanaugh protesters are gathered at the Supreme Court  following Judge Brett Kavanaugh's confirmation to the‚Ä¶ https://t.co/OB42iEcZo4,2,@FoxNews
302,-0.4549,Sat Oct 06 22:04:25 +0000 2018,0.142,0.858,0.0,".@KimStrassel on Kavanaugh's confirmation: ""Why [the Left fought] this with so much bitterness and the tactics it d‚Ä¶ https://t.co/ZoucUNtSnp",3,@FoxNews
303,0.0,Sat Oct 06 22:04:14 +0000 2018,0.0,1.0,0.0,"President @realDonaldTrump arrives in Topeka, Kansas for a rally.  https://t.co/xuGf2Kr06a",4,@FoxNews
304,0.5574,Sat Oct 06 21:55:02 +0000 2018,0.0,0.783,0.217,.@SteveHiltonx reacts to Judge Brett Kavanaugh being confirmed to the Supreme Court. https://t.co/fOSbzcMGmF https://t.co/eChlAgU6Hu,5,@FoxNews
305,0.0,Sat Oct 06 21:38:42 +0000 2018,0.0,1.0,0.0,'This Is Why Republicans Got Elected':  @SenJohnThune Reacts to Kavanaugh's Confirmation https://t.co/HcRrsEwtHB,6,@FoxNews
306,0.3612,Sat Oct 06 21:29:16 +0000 2018,0.0,0.865,0.135,President @realDonaldTrump is getting ready for a rally in Kansas following the confirmation of Judge Brett Kavanau‚Ä¶ https://t.co/JiDkqyPSJG,7,@FoxNews
307,0.5994,Sat Oct 06 21:27:03 +0000 2018,0.0,0.794,0.206,President @realDonaldTrump tweeted a congratulations to Judge Brett Kavanaugh after the Senate voted Saturday to co‚Ä¶ https://t.co/1ynNZEK21H,8,@FoxNews
308,0.0,Sat Oct 06 21:25:02 +0000 2018,0.0,1.0,0.0,TONIGHT: President @realDonaldTrump joins @JudgeJeanine following Judge Brett Kavanaugh's confirmation to the Supre‚Ä¶ https://t.co/uDXxGQnA1f,9,@FoxNews
309,0.8689,Sat Oct 06 21:23:05 +0000 2018,0.0,0.62,0.38,Judge Brett Kavanaugh has been confirmed as the 114th justice on the United States Supreme Court; @MikeEmanuelFox h‚Ä¶ https://t.co/ESeImZThED,10,@FoxNews
310,0.5994,Sat Oct 06 21:20:19 +0000 2018,0.0,0.776,0.224,"Abortion, Roe v. Wade at center of Supreme Court nominee debate: What could happen to the landmark law?‚Ä¶ https://t.co/QXDR3AEPjZ",11,@FoxNews
311,0.0,Sat Oct 06 21:16:18 +0000 2018,0.0,1.0,0.0,"Jonathan Turley: ""Where Kavanaugh is likely to move the Court to the right from where Kennedy left it will be in ar‚Ä¶ https://t.co/AFRG4OAaaJ",12,@FoxNews
312,0.5574,Sat Oct 06 21:09:18 +0000 2018,0.0,0.66,0.34,Who are the Supreme Court justices? https://t.co/qCX6dJ1p3Q https://t.co/t6Jbdpy5cN,13,@FoxNews
313,0.7783,Sat Oct 06 21:03:09 +0000 2018,0.0,0.736,0.264,Judge Brett Kavanaugh is set to be sworn in by Chief Justice John Roberts and retired Associate Justice Anthony Ken‚Ä¶ https://t.co/pbY9dYaR9q,14,@FoxNews
314,0.0,Sat Oct 06 20:56:43 +0000 2018,0.0,1.0,0.0,".@senatemajldr on Kavanaugh's impact on the midterms: ""[Democrats] managed to deliver the only thing we only thing‚Ä¶ https://t.co/8bE1atzfh2",15,@FoxNews
315,0.802,Sat Oct 06 20:53:54 +0000 2018,0.0,0.625,0.375,OPINION: Justice Kavanaugh may be headed for impeachment if Democrats win a House majority https://t.co/YFXVb3Vj9G,16,@FoxNews
316,0.1027,Sat Oct 06 20:43:21 +0000 2018,0.101,0.78,0.119,".@senatemajldr on Kavanaugh confirmation vote: ""We stood up for the presumption of innocence. We refused to be inti‚Ä¶ https://t.co/NGwebtM711",17,@FoxNews
317,0.6124,Sat Oct 06 20:41:53 +0000 2018,0.0,0.667,0.333,".@senatemajldr on Kavanaugh confirmation vote: ""We also want to thank @Sen_JoeManchin for helping us.""‚Ä¶ https://t.co/71Nz7r8uf6",18,@FoxNews
318,0.7506,Sat Oct 06 20:40:29 +0000 2018,0.0,0.67,0.33,Judge Brett Kavanaugh has been confirmed to the United States Supreme Court; @JenGriffinFNC reports.‚Ä¶ https://t.co/0TtyZZy2KE,19,@FoxNews
319,-0.3875,Sat Oct 06 20:38:57 +0000 2018,0.158,0.842,0.0,".@senatemajldr on Kavanaugh confirmation vote: ""I couldn't be prouder of the Senate Republican Conference.""‚Ä¶ https://t.co/6XHlCinIxb",20,@FoxNews
320,0.7783,Sat Oct 06 20:34:29 +0000 2018,0.0,0.673,0.327,"Moments ago, President @realDonaldTrump tweeted to congratulate Judge Brett Kavanaugh for his Supreme Court confirm‚Ä¶ https://t.co/3wuVARZnzX",21,@FoxNews
321,0.4019,Sat Oct 06 20:30:26 +0000 2018,0.081,0.766,0.153,Protesters are gathering outside of the Supreme Court after the Senate voted to confirm Judge Brett Kavanaugh to th‚Ä¶ https://t.co/fNr7AnUxeE,22,@FoxNews
322,0.5574,Sat Oct 06 20:29:19 +0000 2018,0.0,0.841,0.159,Senators make remarks on the Senate floor moments after Brett Kavanaugh is confirmed to the Supreme Court with a 50‚Ä¶ https://t.co/73nv1WrFjL,23,@FoxNews
323,0.0,Sat Oct 06 20:24:50 +0000 2018,0.0,1.0,0.0,"RT @FoxNewsResearch: Judge #Kavanaugh:
‚Ä¢7/9: Nominated
‚Ä¢9/4-7: Hearings
‚Ä¢9/16: Ford story breaks
‚Ä¢9/27: Ford-Kavanaugh hearing
‚Ä¢9/28: 11-10‚Ä¶",24,@FoxNews
324,0.8271,Sat Oct 06 20:22:27 +0000 2018,0.0,0.588,0.412,"BREAKING: President @realDonaldTrump congratulates ""great nominee"" Brett Kavanaugh on Supreme Court confirmation https://t.co/fOSbzcMGmF",25,@FoxNews
325,0.4019,Sat Oct 06 20:19:24 +0000 2018,0.093,0.732,0.176,Protesters gather outside the Supreme Court after the Senate voted Saturday to confirm Judge Brett Kavanaugh.‚Ä¶ https://t.co/55KeokCj2a,26,@FoxNews
326,0.0,Sat Oct 06 20:19:08 +0000 2018,0.0,1.0,0.0,".@VP: ""On this vote, the ayes are 50, the nays are 48. The nomination of Brett M. Kavanaugh of Maryland to be an as‚Ä¶ https://t.co/nR4IVVnupn",27,@FoxNews
327,0.5574,Sat Oct 06 20:03:52 +0000 2018,0.0,0.769,0.231,BREAKING: Brett Kavanaugh confirmed to Supreme Court with 50-48 Senate vote. https://t.co/fOSbzcMGmF https://t.co/Jnb7chO2a2,28,@FoxNews
328,0.5574,Sat Oct 06 19:58:35 +0000 2018,0.0,0.735,0.265,Senators vote to confirm Supreme Court nominee Brett Kavanaugh. https://t.co/zT0ERRDmOO https://t.co/lCxNLtpK3e,29,@FoxNews
329,0.5574,Sat Oct 06 19:55:22 +0000 2018,0.0,0.816,0.184,"A protester yells ""shame"" as @Sen_JoeManchin casts his final confirmation vote on Supreme Court nominee Brett Kavan‚Ä¶ https://t.co/vP04uZtRi1",30,@FoxNews
330,-0.3818,Sat Oct 06 19:50:03 +0000 2018,0.192,0.726,0.081,Protesters were heard screaming outside of the Senate Floor Saturday as the Senate prepared to vote to confirm Judg‚Ä¶ https://t.co/KdzceBs6X7,31,@FoxNews
331,0.5574,Sat Oct 06 19:45:52 +0000 2018,0.0,0.841,0.159,"BREAKING: Members of the Senate provide their final vote on Supreme Court nominee Brett Kavanaugh.

Tune in to Fox‚Ä¶ https://t.co/rNkunWRNHu",32,@FoxNews
332,0.0,Sat Oct 06 19:44:12 +0000 2018,0.0,1.0,0.0,".@SenSchumer: ""Republicans leaders knew before he was nominated that Judge Kavanaugh was a very flawed choice. But‚Ä¶ https://t.co/AYWaoDV1l5",33,@FoxNews
333,0.0,Sat Oct 06 19:37:42 +0000 2018,0.0,1.0,0.0,".@SenSchumer: ""Judge Kavanaugh doesn't belong on the [Supreme Court] because he obscured his views, shrouding his j‚Ä¶ https://t.co/9hlrzdMl23",34,@FoxNews
334,0.9022,Sat Oct 06 19:32:33 +0000 2018,0.0,0.498,0.502,".@POTUS on Kavanaugh: ""He will be a great justice of the Supreme Court."" https://t.co/zT0ERRDmOO https://t.co/hxHFC15Q5B",35,@FoxNews
335,-0.5106,Sat Oct 06 19:32:10 +0000 2018,0.292,0.708,0.0,Mississippi governor condemns high school band‚Äôs halftime show https://t.co/wZYPU5zeyH,36,@FoxNews
336,0.5106,Sat Oct 06 19:22:44 +0000 2018,0.0,0.798,0.202,".@senatemajldr: ""The heroes of this story are Susan Collins and Jeff Flake."" https://t.co/zT0ERRDmOO https://t.co/Yasou6K0Vc",37,@FoxNews
337,0.4632,Sat Oct 06 19:17:38 +0000 2018,0.109,0.665,0.227,".@senatemajldr: ""The good news is the mob didn't win‚Äî justice will be done. We protected the presumption of innocen‚Ä¶ https://t.co/F3nwecv7Me",38,@FoxNews
338,0.0,Sat Oct 06 19:12:47 +0000 2018,0.0,1.0,0.0,AWAITING: Final vote on Kavanaugh confirmation https://t.co/YCXfYYJh8d,39,@FoxNews
339,-0.2263,Sat Oct 06 18:57:06 +0000 2018,0.192,0.808,0.0,Protests Ahead of Final Kavanaugh Vote; @LelandVittert reports https://t.co/KZiUnuQf2a,40,@FoxNews
340,-0.4404,Sat Oct 06 18:50:02 +0000 2018,0.182,0.818,0.0,Turley: 'Dreadful Idea' for Democrats to Investigate Kavanaugh If They Take the House https://t.co/HAmUzdNWK5,41,@FoxNews
341,0.5413,Sat Oct 06 18:34:54 +0000 2018,0.0,0.837,0.163,.@SenBobCorker: ‚ÄúI‚Äôm very confident in my vote. I‚Äôm looking forward to it. I talked to Judge Kavanaugh this morning‚Ä¶ https://t.co/HOTMR9ducq,42,@FoxNews
342,0.4019,Sat Oct 06 18:26:59 +0000 2018,0.103,0.703,0.195,Hundreds of anti-Kavanaugh protesters gather on the steps of the U.S. Supreme Court. https://t.co/UFmZVKQxSw https://t.co/nCqLmHZIVz,43,@FoxNews
343,0.6808,Sat Oct 06 18:26:35 +0000 2018,0.0,0.699,0.301,.@SenJohnKennedy: ‚ÄúI‚Äôm proud that we reaffirmed the importance of due process in our society.‚Äù https://t.co/uEL7khU70n,44,@FoxNews
344,0.7579,Sat Oct 06 18:25:00 +0000 2018,0.0,0.723,0.277,.@SenJohnKennedy: ‚ÄúToday is a day of hope. I think we‚Äôre going to approve the appointment of a new Supreme Court Ju‚Ä¶ https://t.co/9dLW7YudnS,45,@FoxNews
345,0.0772,Sat Oct 06 18:18:07 +0000 2018,0.0,0.902,0.098,Key Democrats say they want to impeach Kavanaugh. Can they? (via: @FoxBusiness) https://t.co/MwUHMcoMcy,46,@FoxNews
346,-0.2263,Sat Oct 06 17:59:18 +0000 2018,0.101,0.899,0.0,"Trump, GOP on cusp of major victory as final Kavanaugh vote nears, protesters gather on Capitol Hill https://t.co/UFmZVKQxSw",47,@FoxNews
347,-0.4927,Sat Oct 06 17:44:10 +0000 2018,0.225,0.775,0.0,'America's Getting Really Tired of This': @RealCandaceO Slams Left's Kavanaugh Obstruction https://t.co/3tnsaa2MVP,48,@FoxNews
348,0.2732,Sat Oct 06 17:38:35 +0000 2018,0.083,0.777,0.14,TODAY: Don‚Äôt miss an interview with @senatemajldr Mitch McConnell during special coverage of the Kavanaugh confirma‚Ä¶ https://t.co/C75jmk20GM,49,@FoxNews
349,0.5574,Sat Oct 06 17:21:00 +0000 2018,0.0,0.723,0.277,.@ChuckGrassley: ‚ÄúWe‚Äôve got to get back to bipartisanship and I want to encourage that.‚Äù https://t.co/212gSx4oNP,50,@FoxNews
350,0.5574,Sat Oct 06 17:19:26 +0000 2018,0.0,0.789,0.211,.@ChuckGrassley: ‚ÄúI‚Äôm glad to be where we are today. I want to get over this hump and then‚Ä¶ I want to get back to a‚Ä¶ https://t.co/KK2UtPJ8pS,51,@FoxNews
351,0.0,Sat Oct 06 17:12:27 +0000 2018,0.0,1.0,0.0,".@ChuckGrassley: ‚ÄúHe‚Äôs going to look at the law, he‚Äôs going to look at the facts of the case‚Ä¶ and he‚Äôs going to not‚Ä¶ https://t.co/ePCm3TYfDF",52,@FoxNews
352,0.8625,Sat Oct 06 17:03:06 +0000 2018,0.0,0.664,0.336,.@FLOTUS: ‚ÄúI think he‚Äôs highly qualified for the Supreme Court. I‚Äôm glad that Dr. Ford was heard. I‚Äôm glad that Jud‚Ä¶ https://t.co/kTZBmiV33F,53,@FoxNews
353,0.34,Sat Oct 06 16:56:25 +0000 2018,0.0,0.87,0.13,.@ChrisStirewalt: ‚Äú[@Sen_JoeManchin] has played this right a couple of different ways and he is looking quite good‚Ä¶ https://t.co/gQ6trPGwXl,54,@FoxNews
354,0.0,Sat Oct 06 16:13:58 +0000 2018,0.0,1.0,0.0,.@SenMikeLee: ‚ÄúWe believe we have the votes and we look forward to getting him confirmed today.‚Äù https://t.co/hN7dIfJc78,55,@FoxNews
355,-0.6249,Sat Oct 06 16:06:58 +0000 2018,0.313,0.687,0.0,.@SenMarkey: ‚ÄúHis confirmation is a constitutional crisis in the making.‚Äù https://t.co/WlDT7Q9Txg,56,@FoxNews
356,0.4215,Sat Oct 06 15:53:58 +0000 2018,0.0,0.797,0.203,Sen. @LindseyGrahamSC: @SenatorCollins Saved the Senate From 'Sliding Into the Abyss' https://t.co/mEKAjRlkAl,57,@FoxNews
357,0.3612,Sat Oct 06 15:36:06 +0000 2018,0.0,0.894,0.106,".@JenKernsUSA: ‚ÄúThat is the power of Donald Trump, whether you like him or not, he might be a little brash at times‚Ä¶ https://t.co/bZsBVsCjqx",58,@FoxNews
358,0.5994,Sat Oct 06 15:25:00 +0000 2018,0.0,0.766,0.234,TODAY: Watch special coverage of the Kavanaugh confirmation vote on Fox News Channel. Join hosts @BillHemmer and‚Ä¶ https://t.co/Jgm5VofN9c,59,@FoxNews
359,0.0,Sat Oct 06 15:09:21 +0000 2018,0.0,1.0,0.0,Banksy‚Äôs painting self-destructs moments after it‚Äôs sold for $1.4M https://t.co/XclgA6tT3b,60,@FoxNews
360,0.5574,Sat Oct 06 14:58:10 +0000 2018,0.0,0.806,0.194,U.S. Senators make remarks about the nomination of Judge Brett Kavanaugh to the Supreme Court.‚Ä¶ https://t.co/YuAxxqX95O,61,@FoxNews
361,0.0,Sat Oct 06 14:53:45 +0000 2018,0.0,1.0,0.0,".@lisamurkowski to vote ‚Äòpresent‚Äô on Kavanaugh so @SteveDaines can attend daughter‚Äôs wedding
https://t.co/JVfxc6dtmm",62,@FoxNews
362,0.4404,Sat Oct 06 14:44:41 +0000 2018,0.0,0.868,0.132,"Mark Penn: ‚ÄúI hope as part of the postmortem of this, more Democrats will rethink the strategy of resistance.‚Äù https://t.co/gDQR4l3myo",63,@FoxNews
363,-0.2263,Sat Oct 06 14:35:21 +0000 2018,0.213,0.787,0.0,Protesters Rally Ahead of Final Kavanaugh Vote https://t.co/mpZw1s98mO,64,@FoxNews
364,0.5574,Sat Oct 06 14:32:50 +0000 2018,0.0,0.806,0.194,U.S. Senators make remarks about the nomination of Judge Brett Kavanaugh to the Supreme Court.‚Ä¶ https://t.co/ze0raFfE8l,65,@FoxNews
365,0.7178,Sat Oct 06 14:31:29 +0000 2018,0.0,0.76,0.24,".@AlanDersh: ‚ÄúI think that he now, once he‚Äôs confirmed, has an opportunity to go forward and be a very good justice‚Ä¶ https://t.co/fyUeIqYndh",66,@FoxNews
366,-0.5799,Sat Oct 06 14:25:00 +0000 2018,0.273,0.727,0.0,.@SenJoniErnst: ‚ÄúThis really was a very shameful process by the Democrats.‚Äù https://t.co/5vYXDpB55J,67,@FoxNews
367,0.7351,Sat Oct 06 14:22:00 +0000 2018,0.0,0.763,0.237,.@SenJoniErnst: ‚ÄúI do believe that we will pick up seats in the United States Senate‚Ä¶ and I think we can gain momen‚Ä¶ https://t.co/sHNwkRd6CM,68,@FoxNews
368,0.6369,Sat Oct 06 14:18:21 +0000 2018,0.0,0.679,0.321,.@SenJoniErnst: ‚ÄúIn the United States we are presumed innocent until proven guilty.‚Äù https://t.co/rovAVJBKBs,69,@FoxNews
369,0.0,Sat Oct 06 14:14:11 +0000 2018,0.0,1.0,0.0,.@SenJoniErnst: ‚ÄúAny Senator that maybe steps away or has different thoughts about any large issue facing our natio‚Ä¶ https://t.co/lk32OX0ZSZ,70,@FoxNews
370,0.0,Sat Oct 06 14:11:37 +0000 2018,0.0,1.0,0.0,.@GriffJenkins is live with the ‚ÄòFox News Update‚Äô on Facebook Watch: https://t.co/hNrB8xzepH https://t.co/L41YlDZ9Ez,71,@FoxNews
371,0.5574,Sat Oct 06 14:08:35 +0000 2018,0.0,0.833,0.167,.@SenJoniErnst: ‚ÄúI do believe that we will confirm Judge Kavanaugh to be our next US Supreme Court Justice.‚Äù https://t.co/vfXrytkySJ,72,@FoxNews
372,0.5994,Sat Oct 06 13:55:00 +0000 2018,0.0,0.766,0.234,TODAY: Watch special coverage of the Kavanaugh confirmation vote on Fox News Channel. Join hosts @BillHemmer and‚Ä¶ https://t.co/ecZYYmwFmY,73,@FoxNews
373,0.7783,Sat Oct 06 13:50:44 +0000 2018,0.0,0.657,0.343,.@BillCassidy: ‚ÄúBrett Kavanaugh will be an outstanding jurist and he will be approved today.‚Äù https://t.co/Q6GkNh9DUG,74,@FoxNews
374,-0.3612,Sat Oct 06 13:42:14 +0000 2018,0.172,0.828,0.0,Melania Trump criticized for wearing white pith helmet in Kenya during safari https://t.co/hipLRoez3d,75,@FoxNews
375,0.5106,Sat Oct 06 13:31:37 +0000 2018,0.0,0.732,0.268,.@RealDeanCain: ‚ÄúIt may have energized Republicans more than anybody.‚Äù https://t.co/73NfzHL3eb,76,@FoxNews
376,0.128,Sat Oct 06 13:25:00 +0000 2018,0.101,0.773,0.126,".@JonahNRO: ‚ÄúMitch McConnell, I think deserves an enormous amount of credit for doing this. He blocked Merrick Garl‚Ä¶ https://t.co/YxhaiVr6U5",77,@FoxNews
377,-0.2263,Sat Oct 06 13:17:51 +0000 2018,0.241,0.759,0.0,Mass Protests Expected Today; @GillianHTurner reports https://t.co/ruOOYT5163,78,@FoxNews
378,0.6369,Sat Oct 06 13:00:15 +0000 2018,0.0,0.802,0.198,.@GreggJarrett: ‚ÄúI thought that was the best speech on the floor of the Senate that I‚Äôve seen.‚Äù https://t.co/5H5DEZBN7n,79,@FoxNews
379,0.5574,Sat Oct 06 12:54:49 +0000 2018,0.0,0.806,0.194,U.S. Senators make remarks about the nomination of Judge Brett Kavanaugh to the Supreme Court.‚Ä¶ https://t.co/IUblpxVJT4,80,@FoxNews
380,-0.34,Sat Oct 06 12:49:01 +0000 2018,0.156,0.844,0.0,"Pet cat disappears from owner's Montana home, reappears over a year later in Nevada https://t.co/AXUF3tL4uY",81,@FoxNews
381,0.0772,Sat Oct 06 12:34:30 +0000 2018,0.0,0.947,0.053,".@SenCapito: ‚ÄúI don‚Äôt want to give up anybody‚Äôs right to yell at me or tell me what they think, cause that‚Äôs the wa‚Ä¶ https://t.co/h56AbEr7lA",82,@FoxNews
382,0.0,Sat Oct 06 12:30:23 +0000 2018,0.0,1.0,0.0,".@SenCapito: ‚ÄúWhen it comes right down to it, the fairness aspect of what we‚Äôve seen moving forward, is why I think‚Ä¶ https://t.co/fLNKkvHn4h",83,@FoxNews
383,0.0,Sat Oct 06 12:27:00 +0000 2018,0.0,1.0,0.0,Senate Expected to Confirm Kavanaugh Today; @ChadPergram reports https://t.co/0JvZx8ncZT,84,@FoxNews
384,-0.4588,Sat Oct 06 12:25:06 +0000 2018,0.168,0.765,0.066,'Jersey Shore' star Mike 'The Situation' Sorrentino speaks out following 8-month prison sentence for tax evasion https://t.co/lWkNpvX14X,85,@FoxNews
385,0.5256,Sat Oct 06 12:21:01 +0000 2018,0.0,0.816,0.184,".@mercedesschlapp: ‚ÄúI‚Äôm incredibly proud of working with this president, who has stood by Judge Kavanaugh.‚Äù https://t.co/hf5JqeQhlB",86,@FoxNews
386,0.4678,Sat Oct 06 12:18:28 +0000 2018,0.0,0.816,0.184,".@mercedesschlapp: ‚ÄúIt‚Äôs such a huge win for the president, but not only for the president, but for the nation, for‚Ä¶ https://t.co/r8b8M5vFdF",87,@FoxNews
387,0.0,Sat Oct 06 12:14:30 +0000 2018,0.0,1.0,0.0,".@mercedesschlapp: ‚ÄúPresident Trump stood by Brett Kavanaugh throughout this whole process, I don‚Äôt know if any oth‚Ä¶ https://t.co/C2UzLmOSTu",88,@FoxNews
388,0.4939,Sat Oct 06 12:11:14 +0000 2018,0.0,0.789,0.211,".@mercedesschlapp: ‚ÄúClearly for Senator Collins, this was a moment of courage for her.‚Äù https://t.co/ygfDs0TZhb",89,@FoxNews
389,0.0,Sat Oct 06 12:03:06 +0000 2018,0.0,1.0,0.0,Senate Expected to Confirm Kavanaugh Today https://t.co/Mjv28AAvHR,90,@FoxNews
390,0.4404,Sat Oct 06 11:58:45 +0000 2018,0.0,0.868,0.132,.@cindyhydesmith: ‚ÄúWe just wanted Susan Collins to know that we were close to her and we were supporting her.‚Äù https://t.co/WzwE3wO9Fl,91,@FoxNews
391,0.5994,Sat Oct 06 11:55:00 +0000 2018,0.0,0.766,0.234,TODAY: Watch special coverage of the Kavanaugh confirmation vote on Fox News Channel. Join hosts @BillHemmer and‚Ä¶ https://t.co/7HpLCcLnFq,92,@FoxNews
392,0.3182,Sat Oct 06 11:52:36 +0000 2018,0.0,0.897,0.103,".@kayleighmcenany: ‚ÄúFor the first time, you will have a court that respects the rule of law and the place of Congre‚Ä¶ https://t.co/NyOusuw2kd",93,@FoxNews
393,0.0,Sat Oct 06 11:42:30 +0000 2018,0.0,1.0,0.0,".@TheWorldsFrates: ‚ÄúSenators Joe Manchin, Collins and Flake, what they have signaled to America is that we adhere t‚Ä¶ https://t.co/iTxNuoBEdd",94,@FoxNews
394,-0.0258,Sat Oct 06 11:39:23 +0000 2018,0.106,0.793,0.101,".@RochelleRitchie: ‚ÄúI think it is fair to say that there was, unfortunately, not enough tangible evidence to hold K‚Ä¶ https://t.co/EzidJOylUh",95,@FoxNews
395,0.0,Sat Oct 06 11:28:24 +0000 2018,0.0,1.0,0.0,.@FLOTUS Lands in Egypt https://t.co/TfJ8Xndpol,96,@FoxNews
396,-0.6705,Sat Oct 06 11:15:00 +0000 2018,0.355,0.645,0.0,'Murphy Brown' makes real Sarah Sanders a target of fake reporter's rant https://t.co/YDhtrxTuuX,97,@FoxNews
397,0.0,Sat Oct 06 11:10:00 +0000 2018,0.0,1.0,0.0,Here comes the judge: Autonomous cop car is a mobile courthouse https://t.co/5XbvCatn69,98,@FoxNews
398,0.5965,Sat Oct 06 11:01:00 +0000 2018,0.0,0.739,0.261,A Kavanaugh confirmation would likely pave way for a more conservative Supreme Court https://t.co/bkvI3nbmZ1,99,@FoxNews
399,0.1779,Sat Oct 06 10:55:00 +0000 2018,0.0,0.866,0.134,"Robert Mueller's team begins seizing Manafort's assets, including Trump Tower condo https://t.co/ydMQyTzfnw",100,@FoxNews
400,-0.2755,Sat Oct 06 22:06:04 +0000 2018,0.088,0.912,0.0,"""I don't always agree what he tweets and I tell him that,"" says Melania Trump. When asked if she ever took his phon‚Ä¶ https://t.co/sGqi3MJuPD",1,@nytimes
401,0.2023,Sat Oct 06 21:51:01 +0000 2018,0.0,0.917,0.083,"Looking to stay on top of the news about Brett Kavanaugh? Here's a guide to what's next, and what's come before. https://t.co/AMr3TExttO",2,@nytimes
402,0.0,Sat Oct 06 21:35:06 +0000 2018,0.0,1.0,0.0,"Tokyo's famous Tsukiji fish market, sprawled over 57 acres, has had its last day of business. But some vendors are‚Ä¶ https://t.co/2tMBG7fBs7",3,@nytimes
403,0.3612,Sat Oct 06 21:21:02 +0000 2018,0.0,0.865,0.135,Young families seeking affordable housing are heading to neighborhoods like Sunset Park and Brownsville in Brooklyn‚Ä¶ https://t.co/lTmYYzj3qc,4,@nytimes
404,-0.6597,Sat Oct 06 21:05:05 +0000 2018,0.196,0.804,0.0,Jurors who convicted Chicago police Officer Jason Van Dyke of killing Laquan McDonald said they found the officer's‚Ä¶ https://t.co/twlndcajVE,5,@nytimes
405,0.6597,Sat Oct 06 20:35:10 +0000 2018,0.0,0.795,0.205,"RT @NYTmag: Assuming Kavanaugh votes as his record suggests, the Supreme Court will move to the right on several important fronts, even as‚Ä¶",6,@nytimes
406,-0.8271,Sat Oct 06 20:20:04 +0000 2018,0.367,0.633,0.0,The death and devastation wrought by an earthquake and tsunami on Indonesia‚Äôs Sulawesi Island struck a place famili‚Ä¶ https://t.co/2wkdmrMiT3,7,@nytimes
407,0.836,Sat Oct 06 20:06:44 +0000 2018,0.066,0.592,0.341,RT @SherylNYT: It's official. Judge Brett M. Kavanaugh confirmed as an associate Justice of the United States Supreme Court. Protests erupt‚Ä¶,8,@nytimes
408,-0.2023,Sat Oct 06 20:02:41 +0000 2018,0.225,0.625,0.15,"Breaking News: The Senate confirmed Brett Kavanaugh to the Supreme Court after a bitter partisan battle, shifting t‚Ä¶ https://t.co/IqAo6shMn5",9,@nytimes
409,-0.5848,Sat Oct 06 19:52:33 +0000 2018,0.22,0.78,0.0,RT @SherylNYT: Raucous protests erupting inside Senate Gallery as Kavanaugh vote gets underway. Women screaming: ‚ÄúI do not consent!‚Äù,10,@nytimes
410,0.25,Sat Oct 06 19:50:08 +0000 2018,0.131,0.656,0.213,Videos show sheriff's deputies laughing and making jokes about a veteran as he suffered an apparent overdose in an‚Ä¶ https://t.co/ebOPulzdh7,11,@nytimes
411,0.34,Sat Oct 06 19:35:07 +0000 2018,0.0,0.876,0.124,"In Opinion

Contributing opinion writer Jennifer Finney Boylan writes of Susan Collins, ""In giving him a victory on‚Ä¶ https://t.co/yJmHYOfxlF",12,@nytimes
412,0.5106,Sat Oct 06 19:20:42 +0000 2018,0.0,0.807,0.193,RT @nytpolitics: The last-minute announcements of support by Senator Susan Collins and Joe Manchin capped an emotional and deeply divisive‚Ä¶,13,@nytimes
413,0.0,Sat Oct 06 19:05:50 +0000 2018,0.0,1.0,0.0,Senators are expected to vote on the confirmation of Brett Kavanaugh within the hour. Follow our live vote count. https://t.co/Ay7BhkWX75,14,@nytimes
414,-0.4445,Sat Oct 06 19:03:17 +0000 2018,0.207,0.793,0.0,"In Amsterdam, it‚Äôs not just the number of tourists that pose a problem. It‚Äôs how they behave. https://t.co/XEOB46XK8K",15,@nytimes
415,0.0,Sat Oct 06 18:45:56 +0000 2018,0.0,1.0,0.0,"Subscribe to Race/Related, our newsletter exploring race through reporting and discussion https://t.co/N9UVAB1Goh",16,@nytimes
416,0.1779,Sat Oct 06 18:45:07 +0000 2018,0.131,0.657,0.211,Officers in police-shooting cases like Laquan McDonald's have usually been acquitted. Is this case's guilty verdict‚Ä¶ https://t.co/RoLsKFHDHE,17,@nytimes
417,0.0,Sat Oct 06 18:32:53 +0000 2018,0.0,1.0,0.0,RT @nytimesmusic: How Lil Wayne became one of hip-hop's most durable stars. Hear the Popcast. https://t.co/tWGrMGKITW https://t.co/05QiNGDr‚Ä¶,18,@nytimes
418,0.0,Sat Oct 06 18:15:06 +0000 2018,0.0,1.0,0.0,"3 New York Times reporters spent over a year digging through more than 100,000 pages of documents and chasing down‚Ä¶ https://t.co/lMPwZ4Tmsu",19,@nytimes
419,0.6222,Sat Oct 06 18:00:05 +0000 2018,0.0,0.815,0.185,Logic has become one of hip-hop‚Äôs most commercially successful artists by charting a path similar to Lil Wayne‚Äôs wh‚Ä¶ https://t.co/kzIEpDMFia,20,@nytimes
420,-0.2263,Sat Oct 06 17:59:10 +0000 2018,0.106,0.894,0.0,RT @SherylNYT: Protesters are massing at the Capitol before confirmation vote on Judge Brett M. Kavanaugh https://t.co/7Kn2UnlMpx,21,@nytimes
421,0.0,Sat Oct 06 17:59:08 +0000 2018,0.0,1.0,0.0,"RT @SherylNYT: SPOTTED in the Capitol: Debra S. Katz and Lisa Banks, attorneys for Christine Blasey Ford, entering the Senate visitor's gal‚Ä¶",22,@nytimes
422,-0.296,Sat Oct 06 17:45:08 +0000 2018,0.099,0.901,0.0,"RT @TomJolly: If you missed the @nytimes investigative report on @realDonaldTrump‚Äôs tax history, it will be available on newsstands in the‚Ä¶",23,@nytimes
423,0.5574,Sat Oct 06 17:45:06 +0000 2018,0.0,0.854,0.146,"Once Brett Kavanaugh is sworn in, the Supreme Court will be more conservative than at any other time in modern hist‚Ä¶ https://t.co/fB9ztHvxM7",24,@nytimes
424,0.431,Sat Oct 06 17:30:03 +0000 2018,0.0,0.856,0.144,"For many Brazilians, this weekend's presidential elections have come down to who is the least bad option. https://t.co/I9E1xQDDwz",25,@nytimes
425,0.1779,Sat Oct 06 17:15:09 +0000 2018,0.115,0.733,0.152,"In Opinion

Daniel Willingham writes: ""There‚Äôs no good scientific evidence that learning styles actually exist."" https://t.co/Sccnco85KO",26,@nytimes
426,0.34,Sat Oct 06 17:00:06 +0000 2018,0.0,0.876,0.124,"Senators spent hours Friday night into Saturday morning giving speeches about Brett Kavanaugh, ahead of the expecte‚Ä¶ https://t.co/SOldOZlqSg",27,@nytimes
427,0.3612,Sat Oct 06 16:46:29 +0000 2018,0.0,0.865,0.135,"RT @NYTHealth: What does DNA look like? In the lab, the stuff resembles soggy cotton candy. https://t.co/I0tctMUqJE",28,@nytimes
428,0.4588,Sat Oct 06 16:34:40 +0000 2018,0.0,0.88,0.12,"RT @katierogers: Complete FLOTUS answer to my q on Kavanaugh: She called him ‚Äúhighly qualified‚Äù and said ‚ÄúI‚Äôm glad Dr. Ford was heard, I‚Äôm‚Ä¶",29,@nytimes
429,0.0,Sat Oct 06 16:34:20 +0000 2018,0.0,1.0,0.0,"RT @katierogers: MORE from FLOTUS, who told me she sometimes takes the president‚Äôs phone away. On his sharp words on Twitter: ‚ÄúI don‚Äôt alwa‚Ä¶",30,@nytimes
430,-0.7346,Sat Oct 06 16:34:14 +0000 2018,0.274,0.61,0.116,RT @katierogers: ‚ÄúWe need to help all of the victims no matter our opinions. I am against any kind of abuse or violence.‚Äù But FLOTUS would‚Ä¶,31,@nytimes
431,0.0,Sat Oct 06 16:34:08 +0000 2018,0.0,1.0,0.0,RT @katierogers: NEW: FLOTUS just spoke for five minutes in front of the Sphinx. Touched on #MeToo. She said she thinks Kavanaugh is ‚Äúhighl‚Ä¶,32,@nytimes
432,0.0,Sat Oct 06 16:30:05 +0000 2018,0.0,1.0,0.0,"In a blog post he now says was meant to be satirical, a Brooklyn professor wrote, ‚ÄúIn the future, having committed‚Ä¶ https://t.co/hryLUUaYQo",33,@nytimes
433,0.0,Sat Oct 06 16:30:05 +0000 2018,0.0,1.0,0.0,"RT @NYTSports: ""I believe that you‚Äôre a hitter first and you‚Äôre a slugger second,"" J.D. Martinez said after his 3-run HR helped the Red Sox‚Ä¶",34,@nytimes
434,0.0258,Sat Oct 06 16:15:07 +0000 2018,0.098,0.8,0.102,"The FDA is now approving the vaccine that protects against 9 strains of human papillomavirus, or HPV, for people up‚Ä¶ https://t.co/dWRxb0AMfJ",35,@nytimes
435,0.4019,Sat Oct 06 16:00:14 +0000 2018,0.0,0.876,0.124,"Have a question about healthy sex, what‚Äôs normal for your body or some other women‚Äôs health issue? Our editors are‚Ä¶ https://t.co/R7vDJbokHs",36,@nytimes
436,0.2023,Sat Oct 06 15:50:02 +0000 2018,0.158,0.644,0.198,"Review: ""A Star Is Born,"" starring Lady Gaga and Bradley Cooper, is a gorgeous heartbreaker https://t.co/w54WWSkDJ2",37,@nytimes
437,0.2023,Sat Oct 06 15:35:04 +0000 2018,0.0,0.909,0.091,"To understand why Columbus and Columbus Day remain important to Italian-Americans, they say it is necessary to reme‚Ä¶ https://t.co/2L5EugxDii",38,@nytimes
438,-0.34,Sat Oct 06 15:20:06 +0000 2018,0.103,0.897,0.0,"Moments after the gavel sounded on the $1.4 million sale of the Banksy artwork, an alarm sounded and it slipped thr‚Ä¶ https://t.co/DnbgLEH4BJ",39,@nytimes
439,-0.6597,Sat Oct 06 15:04:04 +0000 2018,0.27,0.652,0.078,"During a critical point in the Vietnam War, a top U.S. military commander activated a plan to move tactical nuclear‚Ä¶ https://t.co/b9tdUoxqit",40,@nytimes
440,-0.0762,Sat Oct 06 14:49:45 +0000 2018,0.064,0.936,0.0,White House counsel Donald F. McGahn II reportedly told President Trump they could not legally order an unlimited F‚Ä¶ https://t.co/dVRqI0VSLT,41,@nytimes
441,-0.3412,Sat Oct 06 14:33:02 +0000 2018,0.124,0.876,0.0,"""If 'Seinfeld' was a show about nothing, 'The Good Place' is a show about everything ‚Äî including, and especially, g‚Ä¶ https://t.co/hIY5YWCyrR",42,@nytimes
442,-0.6486,Sat Oct 06 14:16:03 +0000 2018,0.193,0.807,0.0,"For months, a reputed mobster has been pursued by someone who wanted him dead. On Thursday, outside a McDonald‚Äôs in‚Ä¶ https://t.co/PGVGLHBhr3",43,@nytimes
443,0.34,Sat Oct 06 14:00:14 +0000 2018,0.0,0.882,0.118,"Potentially for sale: $22 million in real estate, some purchased with the ill-gotten gains of Paul Manafort. Here's‚Ä¶ https://t.co/39IRoEE4IR",44,@nytimes
444,0.8625,Sat Oct 06 13:45:03 +0000 2018,0.0,0.652,0.348,A rare thing happened with the Nobel Prizes for physics and chemistry: Women won them. Here's the week in good news. https://t.co/9DywwIlL9s,45,@nytimes
445,0.0,Sat Oct 06 13:30:10 +0000 2018,0.0,1.0,0.0,"What service animals can you bring on an Alaska Airlines flight? Dogs, cats and... miniature horses. https://t.co/KGzR0hsCnv",46,@nytimes
446,0.6597,Sat Oct 06 13:15:04 +0000 2018,0.0,0.787,0.213,He once joked with friends he was still single because he was holding out for a supermodel. Then he actually fell i‚Ä¶ https://t.co/KZLjd3lmgr,47,@nytimes
447,0.0,Sat Oct 06 13:02:06 +0000 2018,0.0,1.0,0.0,"The NYT movie review of ""A Star Is Born"" https://t.co/zVFi9rmjtT",48,@nytimes
448,0.0,Sat Oct 06 12:54:38 +0000 2018,0.0,1.0,0.0,Why Count All the Squirrels in Central Park? Why the Heck Not https://t.co/O149ZSDsI8,49,@nytimes
449,-0.2263,Sat Oct 06 12:42:03 +0000 2018,0.091,0.909,0.0,"In Opinion

Emma Gonz√°lez writes, ""This isn‚Äôt something we are ever going to forget about. This isn‚Äôt something we‚Ä¶ https://t.co/HcyM9kgMvr",50,@nytimes
450,0.6369,Sat Oct 06 12:22:04 +0000 2018,0.0,0.792,0.208,"Modern Love: ""You can‚Äôt will the right man into your life simply by planning for him"" https://t.co/jsuiMVhaWj",51,@nytimes
451,0.0,Sat Oct 06 12:02:10 +0000 2018,0.0,1.0,0.0,How to vote early in the 2018 midterm elections https://t.co/u7qJ60Adz5,52,@nytimes
452,0.0,Sat Oct 06 11:47:03 +0000 2018,0.0,1.0,0.0,President Trump has sold himself as a self-made billionaire but our investigation found that he received more than‚Ä¶ https://t.co/WMtwcPbvMq,53,@nytimes
453,0.4005,Sat Oct 06 11:42:02 +0000 2018,0.0,0.77,0.23,"The 19 fall cookbooks @NYTFood is most excited about 
https://t.co/zMPWt4Yrv6",54,@nytimes
454,0.0,Sat Oct 06 11:22:05 +0000 2018,0.0,1.0,0.0,"The man that the Danish government says swindled it out of $2 billion resides in a 10,000 square foot home in Dubai‚Ä¶ https://t.co/KkwyeI7LXC",55,@nytimes
455,0.8126,Sat Oct 06 11:02:04 +0000 2018,0.088,0.5,0.412,A top Democrat promised to open an investigation into accusations against Brett Kavanaugh if the party wins control‚Ä¶ https://t.co/nZOFh4wCBt,56,@nytimes
456,0.0,Sat Oct 06 10:31:11 +0000 2018,0.0,1.0,0.0,Here's everything you need to know for the midterm elections https://t.co/8k4PNToChW,57,@nytimes
457,-0.6249,Sat Oct 06 10:14:49 +0000 2018,0.291,0.709,0.0,Nonfiction: Ben Fountain Takes a Tour Through Our Current Existential Crisis https://t.co/e807w5PDj9,58,@nytimes
458,-0.8225,Sat Oct 06 10:00:36 +0000 2018,0.409,0.591,0.0,Cameroon on Brink of Civil War as English Speakers Recount ‚ÄòUnbearable‚Äô Horrors https://t.co/ORTto6SBpY,59,@nytimes
459,-0.7906,Sat Oct 06 09:53:01 +0000 2018,0.333,0.667,0.0,"An Infant Is Dead, Her Twin Is Injured, and Their Mother Is in Police Custody https://t.co/EfK0UOtMEN",60,@nytimes
460,0.1779,Sat Oct 06 09:49:39 +0000 2018,0.0,0.898,0.102,What's one of the fastest growing sources of greenhouse gas emissions? A new report says plastics. https://t.co/MbmOAkR6oS,61,@nytimes
461,0.0,Sat Oct 06 09:32:06 +0000 2018,0.0,1.0,0.0,"RT @nytimesarts: Bradley Cooper narrates a scene from ""A Star Is Born"" where Lady Gaga's star begins to rise https://t.co/4Ao7ufSNoJ",62,@nytimes
462,0.0,Sat Oct 06 09:29:03 +0000 2018,0.0,1.0,0.0,Danske Bank Faces U.S. Inquiry Over Money Laundering https://t.co/leAVDuQD1H,63,@nytimes
463,0.0,Sat Oct 06 09:07:00 +0000 2018,0.0,1.0,0.0,Taking a trip down California's Highway 1 ‚Äî now reopened in its entirety https://t.co/tBVh2Hruxn,64,@nytimes
464,0.0258,Sat Oct 06 08:49:33 +0000 2018,0.0,0.901,0.099,Nonfiction: How Do We Make the Long-Term Decisions That Matter? https://t.co/OfEg2CA1va,65,@nytimes
465,0.2023,Sat Oct 06 08:42:10 +0000 2018,0.0,0.893,0.107,"Researchers at Johns Hopkins University have recommended that psilocybin, the compound found in hallucinogenic mush‚Ä¶ https://t.co/sUsVsQbGSM",66,@nytimes
466,0.34,Sat Oct 06 08:24:43 +0000 2018,0.0,0.806,0.194,Our cybersecurity reporter @sheeraf explains how she safeguards her devices https://t.co/3WoDLIh7uk,67,@nytimes
467,0.5106,Sat Oct 06 08:08:33 +0000 2018,0.0,0.732,0.268,"Montserrat Caball√©, Revered Spanish Prima Donna, Dies at 85 https://t.co/UcwX6ktqrS",68,@nytimes
468,0.6249,Sat Oct 06 08:06:59 +0000 2018,0.145,0.485,0.37,"How special education is failing T.J., a friendly 12-year-old boy, and many children like him https://t.co/xXTBg6rLsc",69,@nytimes
469,0.0,Sat Oct 06 07:49:39 +0000 2018,0.0,1.0,0.0,"Cindy Sherman has recently taken to Instagram, where she has been producing a series of images utterly unlike anyth‚Ä¶ https://t.co/lLfQrr7rrY",70,@nytimes
470,-0.296,Sat Oct 06 07:32:04 +0000 2018,0.109,0.891,0.0,RT @nytimesworld: The president of Interpol has been reported missing by his wife after he traveled to China https://t.co/7LuAb3xOAV,71,@nytimes
471,0.4404,Sat Oct 06 07:08:01 +0000 2018,0.0,0.813,0.187,"In Opinion

""A growing body of literature suggesting that the immune system is involved in psychiatric disorders fr‚Ä¶ https://t.co/fz7xFXzUbs",72,@nytimes
472,0.0,Sat Oct 06 06:51:54 +0000 2018,0.0,1.0,0.0,Her home in Vienna was confiscated by the Nazis in 1940. She later secretly moved back in and spied on the SS offic‚Ä¶ https://t.co/yToDt22OEn,73,@nytimes
473,-0.5009,Sat Oct 06 06:35:04 +0000 2018,0.146,0.854,0.0,"In this Ukrainian town, almost everyone speaks Hungarian. It offers another example of why it so difficult for Ukra‚Ä¶ https://t.co/nGoyGSsKEA",74,@nytimes
474,0.7351,Sat Oct 06 06:07:17 +0000 2018,0.0,0.721,0.279,"This Greek-style broiled shrimp dish is ready in just 10 minutes, making it the perfect weeknight recipe https://t.co/GHT4G0EoyQ",75,@nytimes
475,0.7096,Sat Oct 06 05:49:18 +0000 2018,0.0,0.688,0.312,"The best TV shows and movies new to Netflix, Amazon and more in October https://t.co/XJclRYR6Zy",76,@nytimes
476,-0.6369,Sat Oct 06 05:32:03 +0000 2018,0.243,0.66,0.097,RT @nytopinion: A vote for Brett Kavanaugh delivered a message to women who‚Äôve suffered sexual assault: If the powerful can find a way to n‚Ä¶,77,@nytimes
477,0.891,Sat Oct 06 05:03:02 +0000 2018,0.0,0.616,0.384,"The first time our correspondent met the Nobel Peace Prize winner Dr. Denis Mukwege, the doctor was performing arou‚Ä¶ https://t.co/iCJ3HXIl9N",78,@nytimes
478,0.0,Sat Oct 06 04:47:04 +0000 2018,0.0,1.0,0.0,"RT @marclacey: ""I flail, I gasp, and I make barbaric yawps‚Äîeven though the pool I‚Äôm using is only four feet deep, even though I have a kick‚Ä¶",79,@nytimes
479,0.4404,Sat Oct 06 04:33:16 +0000 2018,0.0,0.861,0.139,"When Donald Trump was 3 years old, his father effectively made him a landlord. Here‚Äôs how Fred Trump‚Äôs maneuver cre‚Ä¶ https://t.co/BWzvJNdjD7",80,@nytimes
480,0.4019,Sat Oct 06 04:17:01 +0000 2018,0.0,0.876,0.124,Ford is in talks with Volkswagen about a broad partnership that could help turn around its ailing operations in Eur‚Ä¶ https://t.co/b03SFMpgSC,81,@nytimes
481,0.0,Sat Oct 06 04:08:57 +0000 2018,0.0,1.0,0.0,"Red Sox 5, Yankees 4 | Boston leads series, 1-0: Red Sox Hang On to Beat Yankees in Game 1 https://t.co/pRLiKEgjol",82,@nytimes
482,-0.9081,Sat Oct 06 04:02:08 +0000 2018,0.388,0.612,0.0,After the Chicago police officer Jason Van Dyke was found guilty of second-degree murder in the death of Laquan McD‚Ä¶ https://t.co/vVuZgucG6K,83,@nytimes
483,0.3612,Sat Oct 06 03:55:05 +0000 2018,0.0,0.821,0.179,Want to share a confidential news tip with The New York Times? Here's how you do it: https://t.co/Q6c7hrPQd7 https://t.co/eaDV29QTst,84,@nytimes
484,0.0,Sat Oct 06 03:47:03 +0000 2018,0.0,1.0,0.0,"RT @ByJamesWagner: What Alex Cora means to baseball (where there are few Latino managers), Boston (a city with a complicated past &amp; many Pu‚Ä¶",85,@nytimes
485,0.0,Sat Oct 06 03:32:03 +0000 2018,0.0,1.0,0.0,Taking a trip down California's Highway 1 ‚Äî now reopened in its entirety https://t.co/oGDHbTFeN8,86,@nytimes
486,0.6428,Sat Oct 06 03:17:06 +0000 2018,0.048,0.745,0.207,"RT @nytpolitics: Senator Steve Daines probably won‚Äôt be needed to confirm Judge Kavanaugh to the Supreme Court, but he‚Äôs ready to leave his‚Ä¶",87,@nytimes
487,0.0,Sat Oct 06 03:02:01 +0000 2018,0.0,1.0,0.0,Our investigation revealed that Donald Trump received the equivalent today of at least $413 million from his father‚Ä¶ https://t.co/TLTNm4X7XC,88,@nytimes
488,-0.7574,Sat Oct 06 02:47:01 +0000 2018,0.276,0.662,0.062,"Global warming is bringing the planet into an era of wilder, more dangerous rains with ruinous and long-lasting con‚Ä¶ https://t.co/cTi2B2LWn6",89,@nytimes
489,0.4939,Sat Oct 06 02:32:02 +0000 2018,0.0,0.868,0.132,"This simple change in the way you get out of your car can save lives ‚Äî of cyclists, drivers and passengers. Here‚Äôs‚Ä¶ https://t.co/1Xin36tgTB",90,@nytimes
490,-0.3089,Sat Oct 06 02:17:01 +0000 2018,0.093,0.907,0.0,RT @nytopinion: Most Americans are not where this Senate majority is. They do not support President Trump. They do not approve of relentles‚Ä¶,91,@nytimes
491,0.0,Sat Oct 06 02:02:01 +0000 2018,0.0,1.0,0.0,"The man that the Danish government says swindled it out of $2 billion resides in a 10,000 square foot home in Dubai‚Ä¶ https://t.co/TjcEYEGDJg",92,@nytimes
492,0.4939,Sat Oct 06 01:45:09 +0000 2018,0.0,0.792,0.208,Senator Susan Collins took to the Senate floor and delivered a 45-minute point-by-point defense of her support for‚Ä¶ https://t.co/FDzRLUqY25,93,@nytimes
493,0.2975,Sat Oct 06 01:30:03 +0000 2018,0.0,0.885,0.115,"To the right and left alike, Judge Kavanaugh‚Äôs nomination appears less like a final spasm of division ‚Äî a sobering‚Ä¶ https://t.co/jXFaMlvvFf",94,@nytimes
494,0.4019,Sat Oct 06 01:17:05 +0000 2018,0.0,0.876,0.124,RT @nytpolitics: Senator Susan Collins delivered a speech on the Senate floor explaining her decision to support Judge Brett Kavanaugh‚Äôs co‚Ä¶,95,@nytimes
495,0.0,Sat Oct 06 01:02:04 +0000 2018,0.0,1.0,0.0,Evening Briefing: Here's what you need to know at the end of the day https://t.co/AlQnsOMTpn,96,@nytimes
496,-0.296,Sat Oct 06 00:47:02 +0000 2018,0.115,0.885,0.0,"Citing 6 recent inmate deaths, a Cleveland judge said he would release people accused of low-level crimes on their‚Ä¶ https://t.co/DAwLd9yvf9",97,@nytimes
497,0.4215,Sat Oct 06 00:32:06 +0000 2018,0.0,0.896,0.104,"The FDA approved an expansion of the age range for the HPV vaccine, so it can now be used in people ages 27 through‚Ä¶ https://t.co/BLhkyefPiQ",98,@nytimes
498,-0.8271,Sat Oct 06 00:17:02 +0000 2018,0.325,0.675,0.0,RT @marclacey: Here's how rare it is for a police officer to face prison for killing a black person: https://t.co/S6IekxiOck,99,@nytimes
499,0.0,Sat Oct 06 00:02:05 +0000 2018,0.0,1.0,0.0,"At Babe Ruth's resting place, cemetery workers find ‚öæüå≠üçïüçª and more https://t.co/DEHsWhJK7b",100,@nytimes
